DSGS mitenand,DSGS mitenand manual,DSGS signer,SRF link,SRF title,LSF ensemble manual,LSF ensemble,LSF signer,RTS link,LSF SWISS TXT video file,RTS title,LIS insieme manual,LIS insieme,RSI link,RSI title,LIS signer
2022-01-06_flüchtlinge_–_lebensperspektive,2022-01-06_flüchtlinge_–_lebensperspektive,Barbara Rossier,https://www.srf.ch/play/tv/mitenand-in-gebaerdensprache/video/fluechtlinge---lebensperspektive-dank-familiennachzug?urn=urn:srf:video:e9360b96-74fc-4066-a1ce-28ca05e7c67f,Flüchtlinge – Lebensperspektive dank Familiennachzug,,,,,,,,,,,
2022-01-13_am_leben_teilnehmen,2022-01-13_am_leben_teilnehmen,Barbara Rossier,https://www.srf.ch/play/tv/mitenand-in-gebaerdensprache/video/am-leben-teilnehmen---trotz-schwerer-krankheit?urn=urn:srf:video:c476387b-4f0d-4a42-8774-ccb5d8c91ec8,Am Leben teilnehmen – trotz schwerer Krankheit,,,,,,,,,,,
2022-01-20_unterstützung_bei_der,2022-01-20_unterstützung_bei_der,Barbara Rossier,https://www.srf.ch/play/tv/mitenand-in-gebaerdensprache/video/unterstuetzung-bei-der-beruflichen-entwicklung?urn=urn:srf:video:609a8b37-4831-40a1-84e1-b5189169aedd,Unterstützung bei der beruflichen Entwicklung,2022-01-01_2204_chaîne_du_bonheur,2024-02-15,Adrien Pelletier,https://www.rts.ch/play/tv/ensemble-signe/video/apres-des-annees-de-galere-amanda-retrouve-confiance-a-la-fondation-quellenhof?urn=urn:rts:video:14704058,2022-01-01_2204_chaîne_du_bonheur.mxf,"Après des années de galère, Amanda retrouve confiance à la Fondation Quellenhof",2022-06-06_fondazione_quellenhof_-,2022-06-06_fondazione_quellenhof_-,,Fondazione Quellenhof - LIS,Giancarla Calitri
2022-01-27_haarschnitt_für_ein,2022-01-27_haarschnitt_für_ein,Marcos Denis,,Haarschnitt für ein neues Leben,2022-03-13_2212_kar_li,2023-12-05,Adrien Pelletier,https://www.rts.ch/play/tv/ensemble-signe/video/kar-li-coiffeurs-gratuits-pour-les-plus-demunis?urn=urn:rts:video:14528309,2022-03-13_2212_kar_li.mxf,KAR-LI - Coiffeurs gratuits pour les plus démunis,2022-02-26_kar-li_-_un,2022-02-26_kar-li_-_un,,Kar-li - Un taglio di capelli benefico - LIS,Angela Lunelio
2022-02-03_ghana_–_bildungschancen,2022-02-03_ghana_–_bildungschancen,Marcos Denis,,Ghana – Bildungschancen dank Microschools,2022-04-03_2215_opportunity_international,2023-12-05,Marie Castella,https://www.rts.ch/play/tv/ensemble-signe/video/opportunity-international-se-former-au-ghana-grace-aux-micro-ecoles?urn=urn:rts:video:14528339,2022-04-03_2215_opportunity_international.mxf,OPPORTUNITY INTERNATIONAL - Se former au Ghana grâce aux micro-écoles,2022-02-12_opportunità_educative_grazie,2022-02-12_opportunità_educative_grazie,,Opportunità educative grazie alle microscuole in Ghana - LIS,Angela Lunelio
2022-02-10_bewegungsförderung_für_kinder,2022-02-10_bewegungsförderung_für_kinder,Sarah Caminada,,Bewegungsförderung für Kinder,2022-08-21_2227_idée_sport,2023-12-05,Adrien Pelletier,https://www.rts.ch/play/tv/ensemble-signe/video/ideesport-de-lactivite-physique--pour-les-enfants?urn=urn:rts:video:14528414,2022-08-21_2227_idée_sport.mxf,IDEESPORT - De l’activité physique pour les enfants,2022-05-07_idée_sport_-,2022-05-07_idée_sport_-,,Idée Sport - LIS,Angela Lunelio
2022-02-17_lehrabschluss_trotz_beeinträchtigung,2022-02-17_lehrabschluss_trotz_beeinträchtigung,Sarah Caminada,,Lehrabschluss trotz Beeinträchtigung,2022-05-08_2220_fondation_brunau,2023-12-05,Marie Castella,https://www.rts.ch/play/tv/ensemble-signe/video/brunau-un-diplome-dapprentissage-malgre-le-handicap?urn=urn:rts:video:14528331,2022-05-08_2220_fondation_brunau.mxf,BRUNAU - Un diplôme d’apprentissage malgré le handicap,2022-08-13_fondazione_brunau_-,2022-08-13_fondazione_brunau_-,,Fondazione Brunau - LIS,Angela Lunelio
2022-02-24_brasilien_–_ein,2022-02-24_brasilien_–_ein,Barbara Rossier,,Brasilien – Ein Weg aus der Gewalt der Favelas,,,,,,,2022-04-23_don_bosco_-,2022-04-23_don_bosco_-,,Don Bosco - Brasile - LIS,Giancarla Calitri
2022-03-03_ein_neues_leben,2022-03-03_ein_neues_leben,Barbara Rossier,,Ein neues Leben für streunende Katzen,2022-05-03_kumea_recueille_les,2022-05-03_kumea_recueille_les,Adrien Pelletier,,2021_09_26_2147_Kumea,Kumea recueille les chats errants pour les soigner et leur offrir une vie meilleure.,,,,,
2022-03-10_unterstützung_für_flüchtlinge,2022-03-10_unterstützung_für_flüchtlinge,Marcos Denis,,Unterstützung für Flüchtlinge am Amazonas,,,,,,,2022-03-19_caritas_-_sostegno,2022-03-19_caritas_-_sostegno,,Caritas - Sostegno ai rifugiati venezuelani in Amazzonia - LIS,Angela Lunelio
2022-03-17_den_alltag_meistern,2022-03-17_den_alltag_meistern,Rolf Perrollaz,https://www.srf.ch/play/tv/mitenand-in-gebaerdensprache/video/den-alltag-meistern-trotz-gehoerlosigkeit?urn=urn:srf:video:143bb813-b3d3-4b92-bdf8-9ebfbcd7f5fa,Den Alltag meistern trotz Gehörlosigkeit,,,,,,,,,,,
2022-03-24_für_ein_leben,2022-03-24_für_ein_leben,Melanie Vogel,,Für ein Leben und Sterben in Würde,2022-08-14_2229_palliaviva,2022-08-14_2229_palliaviva,Adrien Pelletier,https://www.rts.ch/play/tv/ensemble-signe/video/palliaviva-vivre-et-mourir-dans-la-dignite?urn=urn:rts:video:14528422,2022-08-14_2229_palliaviva.mxf,PALLIAVIVA - Vivre et mourir dans la dignité,,,,,
2022-03-31_brasilien_–_chancengleichheit,2022-03-31_brasilien_–_chancengleichheit,Rolf Perrollaz,,Brasilien – Chancengleichheit für afro-brasilianische Bevölkerung,,,,,,,2022-06-04_terres_des_hommes,2022-06-04_terres_des_hommes,,Terres des hommes (Brasile) LIS,Angela Lunelio
2022-04-07_alkoholsucht_–_der,2022-04-07_alkoholsucht_–_der,Rolf Perrollaz,https://www.srf.ch/play/tv/mitenand-in-gebaerdensprache/video/alkoholsucht---der-steinige-weg-zur-abstinenz?urn=urn:srf:video:7c5e42f7-4240-423a-94de-fcbcbfc2e1de,Alkoholsucht – Der steinige Weg zur Abstinenz,,,,,,,,,,,
2022-04-14_argentinien_–_eine,2022-04-14_argentinien_–_eine,Rolf Perrollaz,https://www.srf.ch/play/tv/mitenand-in-gebaerdensprache/video/argentinien---eine-oase-der-geborgenheit-im-armenviertel?urn=urn:srf:video:2aac965c-a099-48a3-a5f6-4799484dcbd3,Argentinien – Eine Oase der Geborgenheit im Armenviertel,,,,,,,2022-05-21_connexio_develop_(argentina),2022-05-21_connexio_develop_(argentina),,Connexio Develop (Argentina) - LIS,Angela Lunelio
2022-04-21_kunstatelier_für_begegnung,2022-04-21_kunstatelier_für_begegnung,Marcos Denis,https://www.srf.ch/play/tv/mitenand-in-gebaerdensprache/video/kunstatelier-fuer-begegnung-und-austausch-zwischen-den-kulturen?urn=urn:srf:video:12d0dd42-96a6-4921-b73f-0492f72322a4,Kunstatelier für Begegnung und Austausch zwischen den Kulturen,2022-09-04_2232_atelier_d'art,2023-12-05,Adrien Pelletier,https://www.rts.ch/play/tv/ensemble-signe/video/solinetz-lart-comme-pont-interculturel?urn=urn:rts:video:14528507,2022-09-04_2232_atelier_d'art.mxf,SOLINETZ - L’art comme pont interculturel,2022-06-18_fondazione_solinetz_-,2022-06-18_fondazione_solinetz_-,,Fondazione Solinetz - LIS,Giancarla Calitri
2022-04-28_kunsttherapie_für_betroffene,2022-04-28_kunsttherapie_für_betroffene,Rolf Perrollaz,https://www.srf.ch/play/tv/mitenand-in-gebaerdensprache/video/kunsttherapie-fuer-betroffene-von-multipler-sklerose?urn=urn:srf:video:52f95a35-38bc-4262-a128-9523e2ed181b,Kunsttherapie für Betroffene von Multipler Sklerose,2022-02-06_2207_sclérose_en_plaques,,Adrien Pelletier,,2022-02-06_2207_sclérose_en_plaques.mxf,ENSEMBLE2207 - Sclérose en plaques avec LSF-2022-02-06,,,,,
2022-05-05_kenia_–_bildung,2022-05-05_kenia_–_bildung,Barbara Rossier,https://www.srf.ch/play/tv/mitenand-in-gebaerdensprache/video/kenia---bildung-fuer-ein-leben-mit-perspektiven?urn=urn:srf:video:3e1fbc20-2abf-4bbe-a71d-5072bfa2cfc7,Kenia – Bildung für ein Leben mit Perspektiven,,,,,,,,,,,
2022-05-12_ein_warmer_platz,2022-05-12_ein_warmer_platz,Marcos Denis,https://www.srf.ch/play/tv/mitenand-in-gebaerdensprache/video/ein-warmer-platz-fuer-obdachlose?urn=urn:srf:video:5d7e2d24-79a1-4481-8851-94d7a3d117d5,Ein warmer Platz für Obdachlose,2022-04-17_2217_chaîne_du_bonheur,2023-12-05,Marie Castella,https://www.rts.ch/play/tv/ensemble-signe/video/pfuusbus-une-oasis-de-chaleur-pour-les-sans-abri?urn=urn:rts:video:14528389,2022-04-17_2217_chaîne_du_bonheur.mxf,PFUUSBUS - Une oasis de chaleur pour les sans-abri,2022-10-29_catena_della_solidarietà,2022-10-29_catena_della_solidarietà,https://www.rsi.ch/play/tv/insieme-lis/video/catena-della-solidarieta-pfuusbus-aiuto-ai-senzatetto-lis?urn=urn:rsi:video:15685462,Catena della solidarietà - Pfuusbus - Aiuto ai senzatetto - LIS,Angela Lunelio
2022-05-19_kolumbien_–_emotionen,2022-05-19_kolumbien_–_emotionen,Marcos Denis,https://www.srf.ch/play/tv/mitenand-in-gebaerdensprache/video/kolumbien---emotionen-als-teil-der-berufsbildung?urn=urn:srf:video:2d245679-7869-4d06-a631-92958ece8750,Kolumbien – Emotionen als Teil der Berufsbildung,,,,,,,2022-07-09_vivamos_mejor_-,2022-07-09_vivamos_mejor_-,,Vivamos Mejor - LIS,Giancarla Calitri
2022-05-26_eine_wg_für,2022-05-26_eine_wg_für,Marcos Denis,https://www.srf.ch/play/tv/mitenand-in-gebaerdensprache/video/eine-wg-fuer-ehemalige-strafgefangene?urn=urn:srf:video:808b0d49-53dc-410f-bca0-1222c10bb55f,Eine WG für ehemalige Strafgefangene,2022-09-18_2233_fondation_felber,2023-12-05,Adrien Pelletier,https://www.rts.ch/play/tv/ensemble-signe/video/felber-stiftung-un-logement-communautaire-pour-anciens-detenus?urn=urn:rts:video:14528474,2022-09-18_2233_fondation_felber.mxf,FELBER-STIFTUNG - Un logement communautaire pour anciens détenus,2022-07-02_fondazione_felber_-,2022-07-02_fondazione_felber_-,,Fondazione Felber - LIS,Giancarla Calitri
2022-06-09_mehr_raum_für,2022-06-09_mehr_raum_für,Rolf Perrollaz,https://www.srf.ch/play/tv/mitenand-in-gebaerdensprache/video/mehr-raum-fuer-biodiversitaet?urn=urn:srf:video:7782e535-0ca8-44b5-ae35-6e34dead00a6,Mehr Raum für Biodiversität,2023-04-16_2318_pro_natura,2023-04-16_2318_pro_natura,Adrien Pelletier,https://www.rts.ch/play/tv/ensemble-signe/video/pro-natura-redonner-de-lespace?urn=urn:rts:video:14748394,2023-04-16_2318_pro_natura.mxf,PRO NATURA - Redonner de l’espace,,,,,
2022-06-16_kambodscha_–_ein,2022-06-16_kambodscha_–_ein,Melanie Vogel,https://www.srf.ch/play/tv/mitenand-in-gebaerdensprache/video/kambodscha---ein-velo-fuer-eine-bessere-zukunft?urn=urn:srf:video:ceee2202-9f38-43fc-a17c-4ada3bcb6b1b,Kambodscha – Ein Velo für eine bessere Zukunft,2022-10-09_2237_kamboo,,Adrien Pelletier,,2022-10-09_2237_kamboo.mxf,ENSEMBLE2237 - Kamboo - avec LSF - 9.10.22,"2022-12-31_kamboo,_aiuto_alla","2022-12-31_kamboo,_aiuto_alla",https://www.rsi.ch/play/tv/insieme-lis/video/kamboo-aiuto-alla-popolazione-cambogiana-lis?urn=urn:rsi:video:15885757,"Kamboo, aiuto alla popolazione cambogiana - LIS",Giancarla Calitri
2022-06-23_selbstverteidigungskurse_für_queers,2022-06-23_selbstverteidigungskurse_für_queers,Melanie Vogel,https://www.srf.ch/play/tv/mitenand-in-gebaerdensprache/video/selbstverteidigungskurse-fuer-queers?urn=urn:srf:video:35d48440-cf7f-41bd-b8c4-86bba7615eee,Selbstverteidigungskurse für Queers,2240_pink_cross,,Azra Beslagic,,2240_pink_cross.mxf,ENSEMBLE2240 - Pink Cross,2022-07-30_pink_cross_svizzera,2022-07-30_pink_cross_svizzera,,Pink Cross Svizzera - LIS,Angela Lunelio
2022-06-30_wenn_berührung_schmerz,2022-06-30_wenn_berührung_schmerz,Marcos Denis,https://www.srf.ch/play/tv/mitenand-in-gebaerdensprache/video/wenn-beruehrung-schmerz-bedeutet?urn=urn:srf:video:d9e879b6-dc49-435f-a12d-62f508eac0fd,Wenn Berührung Schmerz bedeutet,2246_schmetterlingskinder,,Azra Beslagic,,2246_schmetterlingskinder.mxf,ENSEMBLE2246 - Schmetterlingskinder,,,,,
2022-07-07_polen_–_unterstützung,2022-07-07_polen_–_unterstützung,Melanie Vogel,https://www.srf.ch/play/tv/mitenand-in-gebaerdensprache/video/polen---unterstuetzung-fuer-gefluechtete-aus-der-ukraine?urn=urn:srf:video:d9701b8e-e215-45f8-aa3b-acc20c7f9a7f,Polen – Unterstützung für Geflüchtete aus der Ukraine,,,,,,,2022-08-06_catena_della_solidarietà,2022-08-06_catena_della_solidarietà,,Catena della Solidarietà - Caritas Polonia - LIS,Angela Lunelio
2022-07-18_ein_erfülltes_leben,2022-07-18_ein_erfülltes_leben,Melanie Vogel,https://www.srf.ch/play/tv/mitenand-in-gebaerdensprache/video/ein-erfuelltes-leben-trotz-autismus?urn=urn:srf:video:b8c3d86b-a1a6-4fe7-98b5-3bc17e13d5e3,Ein erfülltes Leben trotz Autismus,,,,,,,,2022-12-17_fondazione_bambino_e,https://www.rsi.ch/play/tv/insieme-lis/video/fondazione-bambino-e-autismo-lis?urn=urn:rsi:video:15757921,Fondazione bambino e autismo - LIS,Luca Marra
2022-07-25_ex-sträflinge_leisten_präventionsarbeit,2022-07-25_ex-sträflinge_leisten_präventionsarbeit,Rolf Perrollaz,https://www.srf.ch/play/tv/mitenand-in-gebaerdensprache/video/ex-straeflinge-leisten-praeventionsarbeit?urn=urn:srf:video:8267d0b8-a2c0-4075-b71f-b58300593a80,Ex-Sträflinge leisten Präventionsarbeit,,,,,,,2022-08-27_i_detenuti_aiutano,2022-08-27_i_detenuti_aiutano,,I detenuti aiutano i giovani - Prevenzione della criminalità giovanile - LIS,Luca Marra
2022-08-01_leben_mit_cystischer,2022-08-01_leben_mit_cystischer,Rolf Perrollaz,https://www.srf.ch/play/tv/mitenand-in-gebaerdensprache/video/leben-mit-cystischer-fibrose?urn=urn:srf:video:a9de8482-0336-46e4-af63-b107c9a7031d,Leben mit Cystischer Fibrose,,,,,,,"2022-11-12_fibrosi_cistica_svizzera,","2022-11-12_fibrosi_cistica_svizzera,",https://www.rsi.ch/play/tv/insieme-lis/video/fibrosi-cistica-svizzera-convivere-con-una-malattia-cronica-lis?urn=urn:rsi:video:15757927,"Fibrosi Cistica Svizzera, convivere con una malattia cronica - LIS",Luca Marra
2022-08-08_vom_müllsammler_zum,2022-08-08_vom_müllsammler_zum,Marcos Denis,https://www.srf.ch/play/tv/mitenand-in-gebaerdensprache/video/vom-muellsammler-zum-schreinermeister?urn=urn:srf:video:a6235738-eefa-469a-9c64-18cdcd166d96,Vom Müllsammler zum Schreinermeister,,,,,,,2022-09-24_smiling_gecko_-,2022-09-24_smiling_gecko_-,,Smiling Gecko - Formazione professionale in Cambogia - LIS,Luca Marra
2022-08-15_ferien_auch_für,2022-08-15_ferien_auch_für,Barbara Rossier,https://www.srf.ch/play/tv/mitenand-in-gebaerdensprache/video/ferien-auch-fuer-kinder-einkommensschwacher-familien?urn=urn:srf:video:57bdc69f-1179-429c-952e-04a7f1befc5b,Ferien auch für Kinder einkommensschwacher Familien,,,,,,,,,,,
2022-08-22_rehkitzrettung_mit_infrarotkamera,2022-08-22_rehkitzrettung_mit_infrarotkamera,Marcos Denis,https://www.srf.ch/play/tv/mitenand-in-gebaerdensprache/video/rehkitzrettung-mit-infrarotkamera?urn=urn:srf:video:06950f4e-a815-48ed-b946-979cecff4dac,Rehkitzrettung mit Infrarotkamera,,2022-05-06_pour_protéger_les,Adrien Pelletier,,2021_30_10_2151_Sauvetage_faons.mov,Sauvetage des faons – Un drone pour sauver les chevrillards,,,,,
2022-08-25_kolumbien_–_musikunterricht,2022-08-25_kolumbien_–_musikunterricht,Melanie Vogel,https://www.srf.ch/play/tv/mitenand-in-gebaerdensprache/video/kolumbien---musikunterricht-fuer-die-aermsten?urn=urn:srf:video:39a9061c-cf97-46cb-bcbb-136d97cc26a9,Kolumbien – Musikunterricht für die Ärmsten,,2022-02-24_jian_redécouvre_la,Adrien Pelletier,https://www.rts.ch/play/tv/ensemble-signe/video/jian-redecouvre-la-joie-de-vivre-par-lecole-de-musique-musik-uebers-meer?urn=urn:rts:video:12891884,,Jian redécouvre la joie de vivre par l’école de musique Musik übers Meer,,,,,
2022-09-08_sansibar_–_unabhängigkeit,2022-09-08_sansibar_–_unabhängigkeit,Marcos Denis,https://www.srf.ch/play/tv/mitenand-in-gebaerdensprache/video/sansibar---unabhaengigkeit-durch-schwammzucht?urn=urn:srf:video:2d7803c1-c719-4217-b7fb-2e45b14c0fe0,Sansibar – Unabhängigkeit durch Schwammzucht,2022-02-24_zedi_a_appris,2022-02-24_zedi_a_appris,Marie Castella,,2021_08_01_2134_Marine_Cultures,,,,,,
2022-09-15_mit_dem_aktiv-mobil,2022-09-15_mit_dem_aktiv-mobil,Marcos Denis,https://www.srf.ch/play/tv/mitenand-in-gebaerdensprache/video/mit-dem-aktiv-mobil-zu-den-senioren?urn=urn:srf:video:dd91caa9-e44e-444c-8b7c-0f8150755090,Mit dem Aktiv-Mobil zu den Senioren,,,,,,,,,,,
2022-09-22_einsatz_für_kinder,2022-09-22_einsatz_für_kinder,Marcos Denis,https://www.srf.ch/play/tv/mitenand-in-gebaerdensprache/video/einsatz-fuer-kinder-an-der-grenze-zu-den-usa?urn=urn:srf:video:fbf70b18-1585-4492-8833-2479ee0e66fe,Einsatz für Kinder an der Grenze zu den USA,,2022-02-10_bloqués_aux_portes,Adrien Pelletier,,,,,,,,
2022-10-06_pakete_voller_liebe,2022-10-06_pakete_voller_liebe,Marcos Denis,https://www.srf.ch/play/tv/mitenand-in-gebaerdensprache/video/pakete-voller-liebe-fuer-familien-von-schwerkranken-kindern?urn=urn:srf:video:a16ab451-9e71-49e8-965a-003bef4b48cd,Pakete voller Liebe für Familien von schwerkranken Kindern,2022-10-02_2234_association_ellie_et,2023-12-05,Adrien Pelletier,https://www.rts.ch/play/tv/ensemble-signe/video/ellie--mia-les-moments-heureux-durent-toujours?urn=urn:rts:video:14528466,2022-10-02_2234_association_ellie_et.mxf,ELLIE & MIA - Les moments heureux durent toujours,'2022-03-26_associazione_ellie&mia_-','2022-03-26_associazione_ellie&mia_-',,Associazione Ellie&Mia - LIS,Giancarla Calitri
2022-10-13_vietnam_–_unterstützung,2022-10-13_vietnam_–_unterstützung,Rolf Perrollaz,https://www.srf.ch/play/tv/mitenand-in-gebaerdensprache/video/vietnam---unterstuetzung-fuer-aeltere-menschen?urn=urn:srf:video:fba0bc31-a1fe-40e1-a0e7-988e8aca0184,Vietnam – Unterstützung für ältere Menschen,,,,,,,2022-11-19_medico_international_svizzera,2022-11-19_medico_international_svizzera,https://www.rsi.ch/play/tv/insieme-lis/video/medico-international-svizzera-lis?urn=urn:rsi:video:15757894,Medico International Svizzera - LIS,Luca Marra
2022-10-20_herzenswünsche_erfüllen,2022-10-20_herzenswünsche_erfüllen,Marcos Denis,https://www.srf.ch/play/tv/mitenand-in-gebaerdensprache/video/herzenswuensche-erfuellen?urn=urn:srf:video:d1224af3-98c9-4748-bb9b-fb2b6c35d890,Herzenswünsche erfüllen,,,,,,,,,,,
2022-10-27_unterstützung_bei_der,2022-10-27_unterstützung_bei_der,Rolf Perrollaz,https://www.srf.ch/play/tv/mitenand-in-gebaerdensprache/video/unterstuetzung-bei-der-lehrstellensuche?urn=urn:srf:video:690a3f43-131f-496d-8e32-52dfe03b7e5b,Unterstützung bei der Lehrstellensuche,,,,,,,,,,,
2022-11-03_thailand_–_kampf,2022-11-03_thailand_–_kampf,Tanja Joseph,https://www.srf.ch/play/tv/mitenand-in-gebaerdensprache/video/thailand---kampf-dem-plastikmuell?urn=urn:srf:video:374da256-e028-4ff3-bd70-f810219175ef,Thailand – Kampf dem Plastikmüll!,,,,,,,"2023-01-07_trash_hero,_contro","2023-01-07_trash_hero,_contro",https://www.rsi.ch/play/tv/insieme-lis/video/trash-hero-contro-il-littering-lis?urn=urn:rsi:video:15885787,"Trash Hero, contro il littering - LIS",Giancarla Calitri
2022-11-17_prävention_von_gewalt,2022-11-17_prävention_von_gewalt,Barbara Rossier,https://www.srf.ch/play/tv/mitenand-in-gebaerdensprache/video/praevention-von-gewalt-gegen-kinder-und-jugendliche?urn=urn:srf:video:233ccd4b-42e4-4c32-af86-dccdd2c2dacd,Prävention von Gewalt gegen Kinder und Jugendliche,2022-04-24_2218_patouch,2023-12-05,Marie Castella,https://www.rts.ch/play/tv/ensemble-signe/video/patouch-construire-des-enfants-forts?urn=urn:rts:video:14528365,2022-04-24_2218_patouch.mxf,PATOUCH - Construire des enfants forts,2022-10-08_associazione_patouch_-,2022-10-08_associazione_patouch_-,https://www.rsi.ch/play/tv/insieme-lis/video/associazione-patouch-lis?urn=urn:rsi:video:15684589,Associazione Patouch - LIS,Angela Lunelio
2022-11-24_tauchen_mit_handicap,2022-11-24_tauchen_mit_handicap,Rolf Perrollaz,https://www.srf.ch/play/tv/mitenand-in-gebaerdensprache/video/tauchen-mit-handicap?urn=urn:srf:video:68ed19f7-ffd5-4265-a4c8-c22880938667,Tauchen mit Handicap,,,,,,,2023-03-04_hsa_-_handicapped,2023-03-04_hsa_-_handicapped,https://www.rsi.ch/play/tv/insieme-lis/video/hsa-handicapped-scuba-association-svizzera-lis?urn=urn:rsi:video:15966013,HSA - Handicapped Scuba Association - Svizzera - LIS,Paola Massa
2022-12-01_einsatz_für_die,2022-12-01_einsatz_für_die,Rolf Perrollaz,https://www.srf.ch/play/tv/mitenand-in-gebaerdensprache/video/einsatz-fuer-die-natur?urn=urn:srf:video:6010b880-0e8d-48d5-aa25-333564ae2fa3,Einsatz für die Natur,2023-02-19_2309_wwf,2023-12-05,Adrien Pelletier,https://www.rts.ch/play/tv/ensemble-signe/video/wwf-des-alpages-suisses-riches-en-biodiversite?urn=urn:rts:video:14528952,2023-02-19_2309_wwf.mxf,WWF - Des alpages suisses riches en biodiversité,2023-02-18_wwf_-_lis,2023-02-18_wwf_-_lis,https://www.rsi.ch/play/tv/insieme-lis/video/wwf-lis?urn=urn:rsi:video:15966055,WWF - LIS,Paola Massa
2022-12-08_anlaufstelle_für_jugendliche,2022-12-08_anlaufstelle_für_jugendliche,Barbara Rossier,https://www.srf.ch/play/tv/mitenand-in-gebaerdensprache/video/anlaufstelle-fuer-jugendliche-mit-problemen?urn=urn:srf:video:4152a6f3-ad3b-494a-9b39-aa131a2422de,Anlaufstelle für Jugendliche mit Problemen,,,,,,,,,,,
,,,,,,,,,,,2022-01-01_catena_della_solidarietà,2022-01-01_catena_della_solidarietà,,Catena della Solidarietà - Medici del Mondo - LIS,Giancarla Calitri
,,,,,,,,,,,2022-01-08_caritas_-_volontariato,2022-01-08_caritas_-_volontariato,,Caritas - Volontariato dai contadini di montagna - LIS,Giancarla Calitri
2022-09-01_kenia_–_schulbesuch,2022-09-01_kenia_–_schulbesuch,Barbara Rossier,https://www.srf.ch/play/tv/mitenand-in-gebaerdensprache/video/kenia---schulbesuch-dank-mini-teleskop?urn=urn:srf:video:1f7c71f2-13de-4f4d-acde-577c5291ccae,Kenia – Schulbesuch dank mini-Teleskop,,,,,,,,2022-01-15_kenya_cbm_-,,Kenya CBM - Missione cristiana per i cechi nel mondo - LIS,Giancarla Calitri
,,,,,2022-05-01_2219_fondation_san_gottardo,2022-05-01_2219_fondation_san_gottardo,Marie Castella,https://www.rts.ch/play/tv/ensemble-signe/video/san-gottardo-le-futur-se-trouve-dans-les-racines?urn=urn:rts:video:14528323,2022-05-01_2219_fondation_san_gottardo.mxf,SAN GOTTARDO - Le futur se trouve dans les racines,2022-01-22_fondazione_san_gottardo,2022-01-22_fondazione_san_gottardo,,"Fondazione San Gottardo - Nelle radici, il futuro - LIS",Giancarla Calitri
,,,,,2022-05-03_après_l’incendie_meurtrier,2022-05-03_après_l’incendie_meurtrier,Adrien Pelletier,,2021_10_03_2148_Flavie,Association Flavie – au secours des grands brules,2022-01-29_flavie_-_associazione,2022-01-29_flavie_-_associazione,,FLAVIE - Associazione per le vittime di ustioni - LIS,Giancarla Calitri
,,,,,2022-02-13_2208_Theodora,,Adrien Pelletier,,2022-02-13_2208_Theodora.mxf,ENSEMBLE2208 - Theodora avec LSF-2022-02-13,"2022-02-05_fondazione_theodora,_contribuire","2022-02-05_fondazione_theodora,_contribuire",,"Fondazione Theodora, contribuire alla guarigione con il buon umore - LIS",Giancarla Calitri
,,,,,,,,,,,2022-02-19_associazione_dei_piccoli,2022-02-19_associazione_dei_piccoli,,Associazione dei piccoli contadini - LIS,Angela Lunelio
,,,,,,,,,,,2022-03-05_lega_svizzera_contro,2022-03-05_lega_svizzera_contro,,Lega Svizzera contro l’Epilessia - LIS,Angela Lunelio
,,,,,2022-05-06_l’art_d’inclure_propose,2022-05-06_l’art_d’inclure_propose,Adrien Pelletier,,2021_11_28_2158_L_art_d_inclure.mov,L’art d’inclure – Des malvoyants decouvrent le Baiser de Rodin,,2022-04-02_associazione_l'arte_di,,Associazione L'arte di includere - LIS,Giancarla Calitri
,,,,,,,,,,,2022-04-09_hungerprojekt_svizzera_-,2022-04-09_hungerprojekt_svizzera_-,,Hungerprojekt Svizzera - LIS,Giancarla Calitri
2023-01-26_ägypten_–_unterstützung,2023-01-26_ägypten_–_unterstützung,Marcos Denis,https://www.srf.ch/play/tv/mitenand-in-gebaerdensprache/video/aegypten---unterstuetzung-von-kindern-mit-handicap?urn=urn:srf:video:98a72fd6-8b72-47bf-a4e9-443fa26ea05c,Ägypten – Unterstützung von Kindern mit Handicap,2023-08-11_handicap_international_-,2023-08-11_handicap_international_-,Adrien Pelletier,https://www.rts.ch/play/tv/ensemble-signe/video/handicap-international-des-soins-adaptes-pour-lavenir-de-murad?urn=urn:rts:video:14233429,2022_03_06_2211_Handicap_international,HANDICAP INTERNATIONAL - Des soins adaptés pour l’avenir de Murad,2022-04-16_handicap_international_-,2022-04-16_handicap_international_-,,Handicap International - Cairo - LIS,Giancarla Calitri
,,,,,2022-05-06_les_dons_versés,2022-05-06_les_dons_versés,Adrien Pelletier,,2021_11_01_2155_Chaine_du_bonheur_Femmes_a_bord.mov,Les dons versés à La Chaîne du bonheur soutiennent l’association Femmes à Bord,,2022-04-18_catena_della_solidarietà,,Catena della solidarietà - Donne a bordo - LIS,Giancarla Calitri
,,,,,,,,,,,"'2022-04-30_gruppo_genitori_""insieme'","'2022-04-30_gruppo_genitori_""insieme'",,"Gruppo genitori ""Insieme con Coraggio"" - LIS",Angela Lunelio
,,,,,2021-05-23_2126_narcisse_riviera,,Adrien Pelletier,,2021-05-23_2126_narcisse_riviera.mxf,ENSEMBLE2126 - Narcisse Riviera avec LSF-2021-05-23,2022-05-14_narcisses_riviera_-,2022-05-14_narcisses_riviera_-,,Narcisses Riviera - LIS,Angela Lunelio
,,,,,,,,,,,2022-05-28_società_ticinese_per,2022-05-28_società_ticinese_per,,Società ticinese per l’Arte e la Natura - STAN - LIS,Angela Lunelio
2022-11-10_nach_einem_hirnschlag,2022-11-10_nach_einem_hirnschlag,Rolf Perrollaz,https://www.srf.ch/play/tv/mitenand-in-gebaerdensprache/video/nach-einem-hirnschlag---der-weg-zurueck-ins-leben?urn=urn:srf:video:aa424014-8439-4bc6-8780-f0f2eba734c3,Nach einem Hirnschlag – Der Weg zurück ins Leben,2022-02-20_2209_fragile,,Adrien Pelletier,,2022-02-20_2209_fragile.mxf,ENSEMBLE2209 - Fragile avec LSF-2022-02-20,2022-06-11_fragile_-_lis,2022-06-11_fragile_-_lis,,Fragile - LIS,Giancarla Calitri
,,,,,,,,,,,2022-06-25_atidu_-_associazione,2022-06-25_atidu_-_associazione,,ATIDU - Associazione per persone con problemi d'udito - LIS,Giancarla Calitri
2023-05-25_einsatz_für_mantas,2023-05-25_einsatz_für_mantas,Marcos Denis,https://www.srf.ch/play/tv/mitenand-in-gebaerdensprache/video/einsatz-fuer-mantas-und-haie?urn=urn:srf:video:505be642-81be-4162-b950-61b8f9167cc5,Einsatz für Mantas und Haie,2022-06-05_2225_save_our_seas,2023-12-05,Adrien Pelletier,https://www.rts.ch/play/tv/ensemble-signe/video/save-our-seas-mieux-proteger-requins-et-raies?urn=urn:rts:video:14528430,2022-06-05_2225_save_our_seas.mxf,SAVE OUR SEAS - Mieux protéger requins et raies,2022-07-16_save_our_seas,2022-07-16_save_our_seas,,Save our Seas - LIS,Angela Lunelio
,,,,,2023-08-11_ridere_per_vivere,2023-08-11_ridere_per_vivere,Adrien Pelletier,https://www.rts.ch/play/tv/ensemble-signe/video/ridere-per-vivere-des-clowns--pour-rire-pour-vivre?urn=urn:rts:video:14233642,2022_08_28_2239_Ridere_per_vivere,"RIDERE PER VIVERE - Des clowns pour rire, pour vivre",2022-07-23_ridere_per_vivere,2022-07-23_ridere_per_vivere,,Ridere per Vivere Ticino - LIS,Angela Lunelio
,,,,,2023-01-29_2306_boscoticino,2023-01-29_2306_boscoticino,Adrien Pelletier,https://www.rts.ch/play/tv/ensemble-signe/video/bosco-ticino-au-coeur-des-forets-tessinoises?urn=urn:rts:video:14528968,2023-01-29_2306_boscoticino.mxf,BOSCO TICINO - Au cœur des forêts tessinoises,2022-08-20_boscoticino_-_associazione,2022-08-20_boscoticino_-_associazione,,BoscoTicino - Associazione dei proprietari di bosco - LIS,Angela Lunelio
,,,,,,,,,,,2022-09-03_chance_for_children,2022-09-03_chance_for_children,,Chance for children - Per i bambini in Ghana - LIS,Luca Marra
2023-02-16_ein_hund_fürs,2023-02-16_ein_hund_fürs,Marcos Denis,https://www.srf.ch/play/tv/mitenand-in-gebaerdensprache/video/ein-hund-fuers-leben?urn=urn:srf:video:de5a9ff3-905e-4388-a50d-10551f18a26d,Ein Hund fürs Leben,2023-01-08_2304_forza_rescue_dog,2023-12-05,Adrien Pelletier,https://www.rts.ch/play/tv/ensemble-signe/video/forza-rescue-dog-adopter-un-chien-errant?urn=urn:rts:video:14528936,2023-01-08_2304_forza_rescue_dog.mxf,FORZA RESCUE DOG - Adopter un chien errant,2022-09-10_forza_rescue_dog,2022-09-10_forza_rescue_dog,,Forza Rescue Dog - Adottare un cane - LIS,Luca Marra
,,,,,2021-12-26_2161_particimedia,,Adrien Pelletier,,2021-12-26_2161_particimedia.mxf,ENSEMBLE2161 - PatriciMedia avec LSF-2021-12-26,2022-09-17_particimedia_-_la,2022-09-17_particimedia_-_la,,Particimedia - La radio per scoprire la cultura - LIS,Luca Marra
,,,,,,,,,,,2022-10-01_associazione_impronte_-,2022-10-01_associazione_impronte_-,https://www.rsi.ch/play/tv/insieme-lis/video/associazione-impronte-ippoterapia-lis?urn=urn:rsi:video:15558460,Associazione Impronte - Ippoterapia - LIS,Luca Marra
2022-06-02_belize_–_einsatz,2022-06-02_belize_–_einsatz,Rolf Perrollaz,https://www.srf.ch/play/tv/mitenand-in-gebaerdensprache/video/belize---einsatz-fuer-den-schutz-von-tropenwald?urn=urn:srf:video:447471d8-f318-4a2a-8730-701ff9ee8529,Belize – Einsatz für den Schutz von Tropenwald,2023-01-05_2302_papiliorama,2023-12-05,Adrien Pelletier,https://www.rts.ch/play/tv/ensemble-signe/video/papiliorama-au-belize-une-foret-sous-protection?urn=urn:rts:video:14528561,2023-01-05_2302_papiliorama.mxf,PAPILIORAMA - Au Bélize Une forêt sous protection,2022-10-15_fondazione_papiliorama_-,2022-10-15_fondazione_papiliorama_-,,Fondazione Papiliorama - Protezione della natura - LIS,Angela Lunelio
,,,,,,,,,,,2022-10-22_associazione_progotan_-,2022-10-22_associazione_progotan_-,https://www.rsi.ch/play/tv/insieme-lis/video/associazione-progotan-vivere-con-il-parkinson-lis?urn=urn:rsi:video:15685468,Associazione Progotan - Vivere con il Parkinson - LIS,Angela Lunelio
,,,,,2023-01-01_2301_casa_astra,2023-12-05,Adrien Pelletier,https://www.rts.ch/play/tv/ensemble-signe/video/casa-astra-les-vendanges-dune-nouvelle-vie?urn=urn:rts:video:14528570,2023-01-01_2301_casa_astra.mxf,CASA ASTRA - Les vendanges d’une nouvelle vie,,2022-11-01_catena_della_solidarietà,https://www.rsi.ch/play/tv/insieme-lis/video/catena-della-solidarieta-casa-astra-lis?urn=urn:rsi:video:15685474,Catena della solidarietà - Casa Astra - LIS,Angela Lunelio
,,,,,2022-04-10_2216_via,2022-04-10_2216_via,Marie Castella,https://www.rts.ch/play/tv/ensemble-signe/video/via-des-outils-numeriques-contre-le-harcelement-scolaire?urn=urn:rts:video:14528301,2022-04-10_2216_via.mxf,VIA - Des outils (numériques) contre le harcèlement scolaire,"2022-11-05_associazione_via,_contro","2022-11-05_associazione_via,_contro",https://www.rsi.ch/play/tv/insieme-lis/video/associazione-via-contro-il-bullismo-a-scuola-lis?urn=urn:rsi:video:15757885,"Associazione Via, contro il bullismo a scuola - LIS",Luca Marra
2023-03-23_lebensfreude_trotz_chronischer,2023-03-23_lebensfreude_trotz_chronischer,Jenny Kaiser,https://www.srf.ch/play/tv/mitenand-in-gebaerdensprache/video/lebensfreude-trotz-chronischer-schmerzen?urn=urn:srf:video:b517927a-39b6-421e-9501-2c213b277228,Lebensfreude trotz chronischer Schmerzen,,,,,,,2022-11-26_associazione_malattie_genetiche,2022-11-26_associazione_malattie_genetiche,https://www.rsi.ch/play/tv/insieme-lis/video/associazione-malattie-genetiche-rare-svizzera-italiana-lis?urn=urn:rsi:video:15757915,Associazione Malattie Genetiche Rare Svizzera Italiana - LIS,Luca Marra
,,,,,2022-07-10_2226_reper,2023-12-05,Adrien Pelletier,https://www.rts.ch/play/tv/ensemble-signe/video/reper-moins-decrans-pour-les-petits-enfants?urn=urn:rts:video:14528406,2022-07-10_2226_reper.mxf,REPER - Moins d’écrans pour les petits enfants,,"2022-12-03_associazione_reper,_promozione",https://www.rsi.ch/play/tv/insieme-lis/video/associazione-reper-promozione-salute-dei-giovani-lis?urn=urn:rsi:video:15757900,"Associazione REPER, promozione salute dei giovani - LIS",Luca Marra
2022-09-29_engagement_für_tiere,2022-09-29_engagement_für_tiere,Marcos Denis,https://www.srf.ch/play/tv/mitenand-in-gebaerdensprache/video/engagement-fuer-tiere-beduerftiger-menschen?urn=urn:srf:video:ffbfdd08-bebe-4156-a754-51025c7c5acf,Engagement für Tiere bedürftiger Menschen,2023-02-26_2303_susy_utzinger,2023-12-05,Adrien Pelletier,https://www.rts.ch/play/tv/ensemble-signe/video/susy-utzinger-soigner-ses-animaux-malgre-la-precarite?urn=urn:rts:video:14528589,2023-02-26_2303_susy_utzinger.mxf,SUSY UTZINGER - Soigner ses animaux malgré la précarité,"2022-12-10_fondazione_susy_utzinger,","2022-12-10_fondazione_susy_utzinger,",https://www.rsi.ch/play/tv/insieme-lis/video/fondazione-susy-utzinger-protezione-degli-animali-lis?urn=urn:rsi:video:15757933,"Fondazione Susy Utzinger, protezione degli animali - LIS",Luca Marra
,,,,,2022-02-09_la_nouvelle_association,2022-02-09_la_nouvelle_association,Adrien Pelletier,,2021_01_10_Perceptio_Cibus,La nouvelle association Perceptio Cibus accompagne les personnes en surpoids,,,,,
2022-12-15_ausstieg_aus_der,2022-12-15_ausstieg_aus_der,Barbara Rossier,https://www.srf.ch/play/tv/mitenand-in-gebaerdensprache/video/ausstieg-aus-der-prostitution?urn=urn:srf:video:a7b21221-77a3-44f5-a909-7ae7a47eefbc,Ausstieg aus der Prostitution,,,,,,,,,,,
2022-12-22_libanon_–_eine,2022-12-22_libanon_–_eine,Marcos Denis,https://www.srf.ch/play/tv/mitenand-in-gebaerdensprache/video/libanon---eine-schule-fuer-fluechtlingskinder?urn=urn:srf:video:e8fb7093-ab1a-4bbb-ac85-7d9308b38692,Libanon – Eine Schule für Flüchtlingskinder,2023-01-22_2305_swissforlebanon,2023-12-05,Adrien Pelletier,https://www.rts.ch/play/tv/ensemble-signe/video/swiss4lebanon-jeunes-syriens-a-lecole-au-liban?urn=urn:rts:video:14528976,2023-01-22_2305_swissforlebanon.mxf,SWISS4LEBANON - Jeunes Syriens à l’école au Liban,"2023-01-14_swiss4lebanon,_scuola_per","2023-01-14_swiss4lebanon,_scuola_per",https://www.rsi.ch/play/tv/insieme-lis/video/swiss4lebanon-scuola-per-profughi-lis?urn=urn:rsi:video:15885808,"Swiss4Lebanon, scuola per profughi - LIS",Giancarla Calitri
2022-12-29_indonesien_–_schulbildung,2022-12-29_indonesien_–_schulbildung,Rolf Perrollaz,https://www.srf.ch/play/tv/mitenand-in-gebaerdensprache/video/indonesien---schulbildung-dank-mikrokredit?urn=urn:srf:video:04bbd52e-d734-4401-9f36-dc4d70fef54f,Indonesien – Schulbildung dank Mikrokredit,,,,,,,,,,,
,,,,,2023-05-07_2317_association_alessia,2023-05-07_2317_association_alessia,Adrien Pelletier,https://www.rts.ch/play/tv/ensemble-signe/video/alessia-au-plus-pres-des-enfants-malades?urn=urn:rts:video:14748368,2023-05-07_2317_association_alessia.mxf,ALESSIA - Au plus près des enfants malades,"2022-12-24_fondazione_alessia,_cure","2022-12-24_fondazione_alessia,_cure",https://www.rsi.ch/play/tv/insieme-lis/video/fondazione-alessia-cure-pediatriche-lis?urn=urn:rsi:video:15885769,"Fondazione Alessia, cure pediatriche - LIS",Giancarla Calitri
2023-06-22_neue_gipfel_des,2023-06-22_neue_gipfel_des,Sascha Thiemeyer,https://www.srf.ch/play/tv/mitenand-in-gebaerdensprache/video/neue-gipfel-des-lebens-erklimmen?urn=urn:srf:video:79d1a691-56d6-4f29-8b6f-68b3f28ed05c,Neue Gipfel des Lebens erklimmen,,,,,,,,2023-01-01_associazione_l'ora_-,https://www.rsi.ch/play/tv/insieme-lis/video/associazione-lora-lis?urn=urn:rsi:video:15885796,Associazione L'ORA - LIS,Giancarla Calitri
2023-01-05_ein_rettungsdienst_für,2023-01-05_ein_rettungsdienst_für,Marcos Denis,https://www.srf.ch/play/tv/mitenand-in-gebaerdensprache/video/ein-rettungsdienst-fuer-tiere?urn=urn:srf:video:268c9758-33ba-49cb-8501-fbaf6ecdf7da,Ein Rettungsdienst für Tiere,2023-03-19_2315_tierrettungsdienst,2023-03-19_2315_tierrettungsdienst,Adrien Pelletier,https://www.rts.ch/play/tv/ensemble-signe/video/tierrettungsdienst-au-secours-des-animaux?urn=urn:rts:video:14768236,2023-03-19_2315_tierrettungsdienst.mxf,TIERRETTUNGSDIENST - Au secours des animaux,,,,,
2023-02-02_glückskette_sammeltag:_blick,2023-02-02_glückskette_sammeltag:_blick,Barbara Rossier,https://www.srf.ch/play/tv/mitenand-in-gebaerdensprache/video/glueckskette-sammeltag-blick-hinter-die-kulissen?urn=urn:srf:video:04a456dc-217b-4b40-b743-8f6f632ce8ca,Glückskette Sammeltag: Blick hinter die Kulissen,,,,,,,,,,,
2023-02-09_unterstützung_für_patientinnen,2023-02-09_unterstützung_für_patientinnen,Barbara Rossier,https://www.srf.ch/play/tv/mitenand-in-gebaerdensprache/video/unterstuetzung-fuer-patientinnen-und-patienten-mit-long-covid?urn=urn:srf:video:340ab785-0f13-4a1f-b99d-a4b9044c3511,Unterstützung für Patientinnen und Patienten mit Long Covid,2022-07-03_2230_altea,2022-07-03_2230_altea,Adrien Pelletier,https://www.rts.ch/play/tv/ensemble-signe/video/altea-en-reseau-contre-le-long-covid?urn=urn:rts:video:14528398,2022-07-03_2230_altea.mxf,ALTEA - En réseau contre le long COVID,,,,,
"2023-02-23_neue_wohnformen,_um","2023-02-23_neue_wohnformen,_um",Barbara Rossier,https://www.srf.ch/play/tv/mitenand-in-gebaerdensprache/video/neue-wohnformen-um-die-erde-zu-schonen?urn=urn:srf:video:a2d800ce-508a-467c-bacb-5aad9501b777,"Neue Wohnformen, um die Erde zu schonen",2022-10-16_2243_halege,2023-12-05,Adrien Pelletier,https://www.rts.ch/play/tv/ensemble-signe/video/halege-lhabitat-leger-vivre-avec-moins?urn=urn:rts:video:14528458,2022-10-16_2243_halege.mxf,HALEGE - L’habitat léger Vivre avec moins,2023-02-25_halege_-_abitare,2023-02-25_halege_-_abitare,https://www.rsi.ch/play/tv/insieme-lis/video/halege-abitare-leggero-lis?urn=urn:rsi:video:15966061,HaLege - Abitare leggero - LIS,Paola Massa
,,,,,,,,,,,2023-01-21_associazione_svizzera_dei,2023-01-21_associazione_svizzera_dei,https://www.rsi.ch/play/tv/insieme-lis/video/associazione-svizzera-dei-paraplegici-asp?urn=urn:rsi:video:15885814,Associazione svizzera dei paraplegici ASP,Giancarla Calitri
,,,,,,,Azra Beslagic,,only green screen on Mediahub,Proxicompost,2023-01-28_proxicompost_-_compostaggio,2023-01-28_proxicompost_-_compostaggio,https://www.rsi.ch/play/tv/insieme-lis/video/proxicompost-compostaggio-di-prossimita-lis?urn=urn:rsi:video:15965992,Proxicompost - Compostaggio di prossimità - LIS,Paola Massa
2023-01-19_gemeinsam_statt_einsam,2023-01-19_gemeinsam_statt_einsam,Rolf Perrollaz,https://www.srf.ch/play/tv/mitenand-in-gebaerdensprache/video/gemeinsam-statt-einsam-im-alter?urn=urn:srf:video:c9eb8b5d-0ea1-4b98-b6e0-23388065806a,Gemeinsam statt einsam im Alter,,,,,,,2023-02-04_croce_rossa_svizzera,2023-02-04_croce_rossa_svizzera,https://www.rsi.ch/play/tv/insieme-lis/video/croce-rossa-svizzera-canton-zurigo-lis?urn=urn:rsi:video:15966007,Croce Rossa Svizzera - Canton Zurigo - LIS,Paola Massa
2023-01-12_bali_–_ein,2023-01-12_bali_–_ein,Marcos Denis,https://www.srf.ch/play/tv/mitenand-in-gebaerdensprache/video/bali---ein-dorf-muss-nicht-mehr-betteln?urn=urn:srf:video:b7862c38-949e-46ec-bb9e-acfa4e61393f,Bali – Ein Dorf muss nicht mehr betteln,2023-04-09_2316_zukunft_fur_kinder,2024-03-05,Adrien Pelletier,https://www.rts.ch/play/tv/ensemble-signe/video/zukunft-fur-kinder-lartisanat-pour-une-vie-meilleure?urn=urn:rts:video:14748317,2023-04-09_2316_zukunft_fur_kinder.mxf,ZUKUNFT FUR KINDER - L’artisanat pour une vie meilleure,2023-02-11_associazione_futuro_per,2023-02-11_associazione_futuro_per,https://www.rsi.ch/play/tv/insieme-lis/video/associazione-futuro-per-bambini-zukunft-fuer-kinder-lis?urn=urn:rsi:video:15966049,Associazione Futuro per Bambini - Zukunft für Kinder - LIS,Paola Massa
,,,,,,,,,,,2023-03-11_fondazione_sos_villaggi,2023-03-11_fondazione_sos_villaggi,https://www.rsi.ch/play/tv/insieme-lis/video/fondazione-sos-villaggi-dei-bambini-svizzera-lis?urn=urn:rsi:video:15966034,Fondazione SOS Villaggi dei Bambini Svizzera - LIS,Paola Massa
,,,,,2023-07-02_2329_pro_mente_sana,,Azra Beslagic,,2023-07-02_2329_pro_mente_sana.mxf,ENSEMBLE2329 - Pro Mente sana - avec LSF -2.7.23,2023-03-18_fondazione_pro_mente,2023-03-18_fondazione_pro_mente,https://www.rsi.ch/play/tv/insieme-lis/video/fondazione-pro-mente-sana-lis?urn=urn:rsi:video:16101325,Fondazione Pro Mente Sana - LIS,Paola Massa
,,,,,2248_alterstartfood,,Azra Beslagic,,2248_alterstartfood.mxf,ENSEMBLE2248 - AlterStartFood,2023-03-25_alter_start_food,2023-03-25_alter_start_food,https://www.rsi.ch/play/tv/insieme-lis/video/alter-start-food-cucina-dal-mondo-lis?urn=urn:rsi:video:16101352,Alter Start Food cucina dal mondo - LIS,Paola Massa
2023-03-02_rheuma_in_jungen,2023-03-02_rheuma_in_jungen,Marcos Denis,https://www.srf.ch/play/tv/mitenand-in-gebaerdensprache/video/rheuma-in-jungen-jahren?urn=urn:srf:video:2e8353cd-c1d4-47c9-b67f-773cd434431d,Rheuma in jungen Jahren,,,,,,,2023-04-01_lega_svizzera_contro,2023-04-01_lega_svizzera_contro,https://www.rsi.ch/play/tv/insieme-lis/video/lega-svizzera-contro-il-reumatismo-lis?urn=urn:rsi:video:16101361,Lega svizzera contro il reumatismo - LIS,Paola Massa
,,,,,2023-03-05_2310_le_refettorio,2023-03-05_2310_le_refettorio,Adrien Pelletier,https://www.rts.ch/play/tv/ensemble-signe/video/le-refettorio-une-experience--culinaire-et-sociale?urn=urn:rts:video:14529024,2023-03-05_2310_le_refettorio.mxf,LE REFETTORIO - Une expérience culinaire et sociale,2023-04-08_associazione_refettorio_-,2023-04-08_associazione_refettorio_-,https://www.rsi.ch/play/tv/insieme-lis/video/associazione-refettorio-cucina-sociale-lis?urn=urn:rsi:video:16101382,Associazione Refettorio - cucina sociale - LIS,Paola Massa
2023-03-09_psychologische_unterstützung_für,2023-03-09_psychologische_unterstützung_für,Sascha Thiemeyer,https://www.srf.ch/play/tv/mitenand-in-gebaerdensprache/video/psychologische-unterstuetzung-fuer-junge-asylsuchende?urn=urn:srf:video:c7808e84-a3df-4f29-b13c-dca5eeedaa5c,Psychologische Unterstützung für junge Asylsuchende,2023-06-04_2327_psy4asyl,,Adrien Pelletier,,2023-06-04_2327_psy4asyl.mxf,ENSEMBLE2327 - Psy4Asyl-avec LSF-4.6.23,2023-04-15_psy4asyl_-_sostegno,2023-04-15_psy4asyl_-_sostegno,https://www.rsi.ch/play/tv/insieme-lis/video/psy4asyl-sostegno-ai-rifugiati-lis?urn=urn:rsi:video:16101373,Psy4Asyl - sostegno ai rifugiati - LIS,Paola Massa
,,,,,,,,,,,2023-04-22_associazione_avventuno_-,2023-04-22_associazione_avventuno_-,https://www.rsi.ch/play/tv/insieme-lis/video/associazione-avventuno-lis?urn=urn:rsi:video:16179154,Associazione Avventuno - LIS,Paola Massa
,,,,,2023-02-05_2307_for_womxn,2023-02-05_2307_for_womxn,Adrien Pelletier,https://www.rts.ch/play/tv/ensemble-signe/video/for-womxm-period-des-serviettes-lavables-une-demarche-ecofeministe?urn=urn:rts:video:14528944,2023-02-05_2307_for_womxn.mxf,"FOR WOMXM, PERIOD - Des serviettes lavables, Une démarche écoféministe","2023-04-29_associazione_""for_womxn,","2023-04-29_associazione_""for_womxn,",https://www.rsi.ch/play/tv/insieme-lis/video/associazione-for-womxn-period-lis?urn=urn:rsi:video:16179148,"Associazione ""For Womxn, Period"" - LIS",Paola Massa
2023-07-10_kein_essen_mehr,2023-07-10_kein_essen_mehr,Sascha Thiemeyer,https://www.srf.ch/play/tv/mitenand-in-gebaerdensprache/video/kein-essen-mehr-wegschmeissen?urn=urn:srf:video:8d8c72f9-d4a2-4b28-bc49-9de0d5e564a7,Kein Essen mehr wegschmeissen,2023-03-12_2311_swissfoodacademy,2023-12-05,Adrien Pelletier,https://www.rts.ch/play/tv/ensemble-signe/video/swiss-food-academy-bien-manger-sans-gaspiller?urn=urn:rts:video:14529016,2023-03-12_2311_swissfoodacademy.mxf,SWISS FOOD ACADEMY - Bien manger Sans gaspiller,2023-05-06_swiss_food_academy,2023-05-06_swiss_food_academy,https://www.rsi.ch/play/tv/insieme-lis/video/swiss-food-academy-alimentazione-sana-e-sostenibile-lis?urn=urn:rsi:video:16179160,Swiss Food Academy - Alimentazione sana e sostenibile - LIS,Paola Massa
,,,,,2247_oceaneye,,Azra Beslagic,,2247_oceaneye.mxf,ENSEMBLE2247 - OceanEye,2023-05-20_associazione_oceaneye_-,2023-05-20_associazione_oceaneye_-,https://www.rsi.ch/play/tv/insieme-lis/video/associazione-oceaneye-lis?urn=urn:rsi:video:16179172,Associazione Oceaneye - LIS,Paola Massa
,,,,,,,Azra Beslagic,,only green screen on Mediahub,Diabete,2023-05-27_fondazione_vivere_con,2023-05-27_fondazione_vivere_con,https://www.rsi.ch/play/tv/insieme-lis/video/fondazione-vivere-con-il-diabete-di-tipo-1-lis?urn=urn:rsi:video:16179166,Fondazione Vivere con il diabete di tipo 1 - LIS,Paola Massa
2023-12-07,2023-12-07,Marcos Denis,https://www.srf.ch/play/tv/mitenand-in-gebaerdensprache/video/unterstuetzung-bei-der-integration-von-migrantinnen?urn=urn:srf:video:309dbb40-b51d-4aa7-810a-30c2e5e991c0,Unterstützung bei der Integration von Migrantinnen,2023-05-21_2330_il_trajito,,Adrien Pelletier,,2023-05-21_2330_il_trajito.mxf,ENSEMBLE2330 - Il Trajito-avec LSF-21.5.23,2023-06-03_associazione_il_tragitto,2023-06-03_associazione_il_tragitto,https://www.rsi.ch/play/tv/insieme-lis/video/associazione-il-tragitto---catena-della-solidarieta-lis?urn=urn:rsi:video:16269097,Associazione Il Tragitto – Catena della Solidarietà - LIS,Paola Massa
2023-10-19,2023-10-19,Nikole Mitterbauer,https://www.srf.ch/play/tv/mitenand-in-gebaerdensprache/video/transport-velo-statt-transport-van?urn=urn:srf:video:81993c54-176b-453b-bbba-dc61d1cb9a72,Transport-Velo statt Transport-Van,2023-04-02_2314_artisans_à_vélo,2024-03-05,Adrien Pelletier,https://www.rts.ch/play/tv/ensemble-signe/video/les-artisans-a-velo-une-camionnette--de-moins-en-ville?urn=urn:rts:video:14748325,2023-04-02_2314_artisans_à_vélo.mxf,LES ARTISANS A VELO - Une camionnette de moins en ville,2023-06-10_associazione_artigiani_in,2023-06-10_associazione_artigiani_in,https://www.rsi.ch/play/tv/insieme-lis/video/associazione-artigiani-in-bicicletta-lis?urn=urn:rsi:video:1651418,Associazione Artigiani in bicicletta - LIS,Paola Massa
,,,,,2023-04-30_2320_le_copain,,Adrien Pelletier,,2023-04-30_2320_le_copain.mxf,ENSEMBLE2320 - Le Copain-avec LSF-30.4.23,2023-06-17_fondazione_le_copain,2023-06-17_fondazione_le_copain,https://www.rsi.ch/play/tv/insieme-lis/video/fondazione-le-copain-cani-da-assistenza-lis?urn=urn:rsi:video:16269130,Fondazione Le Copain cani da assistenza - LIS,Paola Massa
,,,,,,,,,,,"2023-06-24_movimento_avaeva,_generazione","2023-06-24_movimento_avaeva,_generazione",https://www.rsi.ch/play/tv/insieme-lis/video/movimento-avaeva-generazione-nonne-lis?urn=urn:rsi:video:16269115,"Movimento AvaEva, generazione nonne - LIS",Paola Massa
,,,,,2023-07-09_2323_vacances,,Azra Beslagic,,2023-07-09_2323_vacances.mxf,ENSEMBLE2323 - Vacances- avec LSF-9.7.23,2023-07-01_fondazione_vacanze_in,2023-07-01_fondazione_vacanze_in,https://www.rsi.ch/play/tv/insieme-lis/video/fondazione-vacanze-in-edifici-storici-lis?urn=urn:rsi:video:16269136,Fondazione Vacanze in edifici storici - LIS,Paola Massa
,,,,,,,,,,,2023-07-08_mission_aviation_fellowship,2023-07-08_mission_aviation_fellowship,https://www.rsi.ch/play/tv/insieme-lis/video/mission-aviation-fellowship-volare-per-la-vita-lis?urn=urn:rsi:video:16269142,Mission Aviation Fellowship - volare per la vita - LIS,Paola Massa
,,,,,,,,,,,2023-07-29_aiuto_svizzero_alla,2023-07-29_aiuto_svizzero_alla,https://www.rsi.ch/play/tv/insieme-lis/video/aiuto-svizzero-alla-montagna-lis?urn=urn:rsi:video:16389847,Aiuto svizzero alla montagna - LIS,Paola Massa
2023-03-16_brennholz_von_menschen,2023-03-16_brennholz_von_menschen,Marcos Denis,https://www.srf.ch/play/tv/mitenand-in-gebaerdensprache/video/brennholz-von-menschen-mit-beeintraechtigung?urn=urn:srf:video:e784cb99-978a-4b1b-8c6f-4252edb3a074,Brennholz von Menschen mit Beeinträchtigung,,,,,,,"2023-08-12_fondazione_züriwerk,_integrazione","2023-08-12_fondazione_züriwerk,_integrazione",https://www.rsi.ch/play/tv/insieme-lis/video/fondazione-zueriwerk-integrazione-professionale-lis?urn=urn:rsi:video:16381513,"Fondazione Züriwerk, integrazione professionale - LIS",Paola Massa
,,,,,,,,,,,2023-08-26_associazione_prometheus_-,2023-08-26_associazione_prometheus_-,https://www.rsi.ch/play/tv/insieme-lis/video/associazione-prometheus-lis?urn=urn:rsi:video:16390216,Associazione Prometheus - LIS,Paola Massa
2023-03-30_ein_haus_für,2023-03-30_ein_haus_für,Barbara Rossier,https://www.srf.ch/play/tv/mitenand-in-gebaerdensprache/video/ein-haus-fuer-die-generation-ue60?urn=urn:srf:video:7774ad3b-61c0-4e2b-b50d-9cfc23227b03,Ein Haus für die Generation Ü60,2023-06-18_2328_kosmos,,Azra Beslagic,,2023-06-18_2328_kosmos.mxf,ENSEMBLE2328 - Kosmos - avec LSF -18.6.23,2023-08-19_kosmos_space_-,2023-08-19_kosmos_space_-,https://www.rsi.ch/play/tv/insieme-lis/video/kosmos-space-lis?urn=urn:rsi:video:16382887,Kosmos space - LIS,Paola Massa
2023-04-06_suriname_–_hilfe,2023-04-06_suriname_–_hilfe,Sascha Thiemeyer,https://www.srf.ch/play/tv/mitenand-in-gebaerdensprache/video/suriname---hilfe-in-den-dschungel-fliegen?urn=urn:srf:video:08ffd0b8-219b-41e5-87fd-0433cd985848,Suriname – Hilfe in den Dschungel fliegen,,,,,,,,,,,
2023-04-13_mehr_lebensqualität_dank,2023-04-13_mehr_lebensqualität_dank,Käthi Schlegel,https://www.srf.ch/play/tv/mitenand-in-gebaerdensprache/video/mehr-lebensqualitaet-dank-elektrischer-insulinpumpe?urn=urn:srf:video:89d7d6e3-349d-45e3-96f6-1d7ea42bf1f9,Mehr Lebensqualität dank elektrischer Insulinpumpe,,,,,,,,,,,
2023-04-20_tanzen_mit_parkinson,2023-04-20_tanzen_mit_parkinson,Käthi Schlegel,https://www.srf.ch/play/tv/mitenand-in-gebaerdensprache/video/tanzen-mit-parkinson?urn=urn:srf:video:22aee25c-b918-4f03-abc6-e84ec0fab272,Tanzen mit Parkinson,,,,,,ENSEMBLE2404 - Parkinson,,,,,
2023-04-27_kuba_–_spielerisch,2023-04-27_kuba_–_spielerisch,Marcos Denis,https://www.srf.ch/play/tv/mitenand-in-gebaerdensprache/video/kuba---spielerisch-lernen-die-umwelt-zu-schuetzen?urn=urn:srf:video:69abdc19-f404-469b-ac31-17df1d85089b,"Kuba – Spielerisch lernen, die Umwelt zu schützen",,,,,,,2023-09-02_zunzun_–_progetti,2023-09-02_zunzun_–_progetti,https://www.rsi.ch/play/tv/insieme-lis/video/zunzun---progetti-di-sviluppo-per-cuba-lis?urn=urn:rsi:video:16464325,Zunzun – progetti di sviluppo per Cuba - LIS,Paola Massa
2023-05-04_chancengleichheit_für_schulkinder,2023-05-04_chancengleichheit_für_schulkinder,Sascha Thiemeyer,https://www.srf.ch/play/tv/mitenand-in-gebaerdensprache/video/chancengleichheit-fuer-schulkinder?urn=urn:srf:video:6f39c6ba-548d-402c-b37c-493a09cc3bfb,Chancengleichheit für Schulkinder,,,,,,,2023-09-23_arche_zürich_–,2023-09-23_arche_zürich_–,https://www.rsi.ch/play/tv/insieme-lis/video/arche-zuerich---accompagnamento-educativo-lis?urn=urn:rsi:video:1866413,Arche Zürich – Accompagnamento educativo - LIS,Mikhail Akimov
2023-05-11_retten_ist_klasse,2023-05-11_retten_ist_klasse,Sascha Thiemeyer,https://www.srf.ch/play/tv/mitenand-in-gebaerdensprache/video/retten-ist-klasse?urn=urn:srf:video:08e2d490-9e5f-4926-a449-d43a8382e8bc,Retten ist Klasse,,,,,,,,,,,
2023-05-18_unterstützung_für_junge,2023-05-18_unterstützung_für_junge,Marcos Denis,https://www.srf.ch/play/tv/mitenand-in-gebaerdensprache/video/unterstuetzung-fuer-junge-eltern-in-not?urn=urn:srf:video:214158d5-6c01-43b7-a8b5-0a53ce8a760f,Unterstützung für junge Eltern in Not,2238_chaine_du_bonheur,2238_chaine_du_bonheur,Azra Beslagic,,2238_chaine_du_bonheur.mxf,ENSEMBLE2238 - Chaine du bonheur - Parents,,2023-04-10,https://www.rsi.ch/play/tv/insieme-lis/video/catena-della-solidarieta-associazione-giovani-genitori-lis?urn=urn:rsi:video:16101346,Catena della solidarietà - Associazione Giovani Genitori - LIS,Paola Massa
2023-06-01_brasilien_–_für,2023-06-01_brasilien_–_für,Marcos Denis,https://www.srf.ch/play/tv/mitenand-in-gebaerdensprache/video/brasilien---fuer-einen-tag-model-sein?urn=urn:srf:video:5ec5da73-ebc7-4165-a8e6-58787c1feb10,Brasilien – Für einen Tag Model sein,,,,,,,2023-07-15_arco_–_progetti,2023-07-15_arco_–_progetti,https://www.rsi.ch/play/tv/insieme-lis/video/arco---progetti-per-bambini-brasiliani-lis?urn=urn:rsi:video:16269109,ARCO – progetti per bambini brasiliani - LIS,Paola Massa
2023-06-08_basketball_für_benachteiligte,2023-06-08_basketball_für_benachteiligte,Sascha Thiemeyer,https://www.srf.ch/play/tv/mitenand-in-gebaerdensprache/video/basketball-fuer-benachteiligte-jugendliche?urn=urn:srf:video:eee5a156-bac8-4e6c-9235-8f0c1c84c401,Basketball für benachteiligte Jugendliche,,,,,,,2023-07-22_bölle_isch_lebe,2023-07-22_bölle_isch_lebe,https://www.rsi.ch/play/tv/insieme-lis/video/boelle-isch-lebe---il-basket-e-vita-lis?urn=urn:rsi:video:16385248,Bölle isch lebe – Il basket è vita - LIS,Laura Sciuchetti
2023-06-15_chile_–_unterstützung,,Sascha Thiemeyer,https://www.srf.ch/play/tv/mitenand-in-gebaerdensprache/video/chile---unterstuetzung-fuer-migrantinnen-aus-venezuela?urn=urn:srf:video:522477f8-f270-44e4-a1bd-42114dfea937,Chile – Unterstützung für Migrantinnen aus Venezuela,,,,,,,2023-09-16_connexio_develop_-,2023-09-16_connexio_develop_-,https://www.rsi.ch/play/tv/insieme-lis/video/connexio-develop-aiuto-allo-sviluppo-lis?urn=urn:rsi:video:1860251,Connexio develop - aiuto allo sviluppo - LIS,Paola Massa
2024-04-18,2024-04-18,,,Ein Club für Menschen mit psychischen Problemen,,,,,,ENSEMBLE2407 - Club 74,,2023-09-30,https://www.rsi.ch/play/tv/insieme-lis/video/associazione-club-74-lis?urn=urn:rsi:video:1867435,Associazione Club 74 - LIS,Paola Massa
2023-06-29_fussball_mit_handicap,2023-06-29_fussball_mit_handicap,Sascha Thiemeyer,https://www.srf.ch/play/tv/mitenand-in-gebaerdensprache/video/fussball-mit-handicap---hier-sind-alle-gewinner?urn=urn:srf:video:8c88a2c3-2a03-42d4-a207-71746e9ac54f,Fussball mit Handicap – Hier sind alle Gewinner,,,,,,,,,,,
2023-07-03_mit_alpakas_die,2023-07-03_mit_alpakas_die,Sascha Thiemeyer,https://www.srf.ch/play/tv/mitenand-in-gebaerdensprache/video/mit-alpakas-die-existenzgrundlage-sichern?urn=urn:srf:video:02d2fa01-4733-4ec1-9885-bb03f2297c84,Mit Alpakas die Existenzgrundlage sichern,,,,,,ENSEMBLE2336 - Schweizer Berhhilfe,,,,,
2023-07-17_einsatz_gegen_nashorn-wilderer,2023-07-17_einsatz_gegen_nashorn-wilderer,Marcos Denis,https://www.srf.ch/play/tv/mitenand-in-gebaerdensprache/video/einsatz-gegen-nashorn-wilderer?urn=urn:srf:video:c9060c65-925c-492c-b1e9-6bcf2ff36954,"Einsatz gegen Nashorn-Wilderer (Staffel 2019, Folge 15; Erstausstrahlung 14.04.2019.)",,,,,,,,,,,
2023-07-24_galapagos_–_rettung,2023-07-24_galapagos_–_rettung,Marcos Denis,https://www.srf.ch/play/tv/mitenand-in-gebaerdensprache/video/galapagos---rettung-fuer-bedrohte-tierarten?urn=urn:srf:video:86c1527e-c513-462c-bba9-cfd0da97484c,"Galapagos – Rettung für bedrohte Tierarten (Staffel 2019, Folge 44; Erstausstrahlung: 17. November 2019)",,,,,,,,,,,
2023-07-31_ghana_–_eine,2023-07-31_ghana_–_eine,Barbara Rossier,https://www.srf.ch/play/tv/mitenand-in-gebaerdensprache/video/ghana---eine-zukunft-aufbauen-dank-mikrokredit?urn=urn:srf:video:bb679076-fe7b-45e5-a06a-42bcf5c670fb,"Ghana – Eine Zukunft aufbauen dank Mikrokredit (Staffel 2020, Folge 15; 31. Mai 2020)",,,,,,,,,,,
2023-08-14_klassenzimmer_aus_recyceltem,2023-08-14_klassenzimmer_aus_recyceltem,Susanne Günther-Wick,https://www.srf.ch/play/tv/mitenand-in-gebaerdensprache/video/klassenzimmer-aus-recyceltem-plastikmuell-staffel-2020-folge-55?urn=urn:srf:video:acd8d69b-d4b0-424c-be59-e1cfd88b7614,"Klassenzimmer aus recyceltem Plastikmüll (Staffel 2020, Folge 55; Erstausstrahlung: 29. November 2020)",,2022-02-24_l’unicef_soutient_la,Marie Castella,,2021_08_15_2107_UNICEF,,,,,,
2023-08-24,2023-08-24,Marcos Denis,https://www.srf.ch/play/tv/mitenand-in-gebaerdensprache/video/wunscherfuellung-fuer-kinder-mit-krankheit-oder-behinderung-staffel-2019-folge-57?urn=urn:srf:video:4628119d-7e7a-453f-8c02-e1410a583041,"Wunscherfüllung für Kinder mit Krankheit oder Behinderung (Staffel 2019, Folge 57)",,,,,,,,,,,
2023-08-31,2023-08-31,Susanne Günther-Wick,https://www.srf.ch/play/tv/mitenand-in-gebaerdensprache/video/liberia---sieben-zahnaerzte-fuer-fuenf-millionen-menschen?urn=urn:srf:video:3869228f-b323-4d58-94de-052699220c1d,Liberia – Sieben Zahnärzte für fünf Millionen Menschen,,,,,,,,2023-11-11,https://www.rsi.ch/play/tv/insieme-lis/video/sme---servizio-di-missione-e-cooperazione?urn=urn:rsi:video:1899602,SME - Servizio di missione e cooperazione,Laura Sciuchetti
2023-09-07,2023-09-07,Marcos Denis,https://www.srf.ch/play/tv/mitenand-in-gebaerdensprache/video/kinshasa---ausbildung-fuer-strassenkinder?urn=urn:srf:video:31436679-dcc0-4e66-af8c-662bb1d03dea,Kinshasa – Ausbildung für Strassenkinder,,,,,,,,2023-11-25,https://www.rsi.ch/play/tv/insieme-lis/video/mission-21---lis?urn=urn:rsi:video:1987374,Mission 21 - LIS,Mikhail Akimov
2023-09-14,2023-09-14,Marcos Denis,https://www.srf.ch/play/tv/mitenand-in-gebaerdensprache/video/audiobotschaften-fuer-die-hinterbliebenen?urn=urn:srf:video:0f6cf9b5-3daf-4c06-9de8-55e7c39a95ba,Audiobotschaften für die Hinterbliebenen,,,,,,,,2023-11-04,https://www.rsi.ch/play/tv/insieme-lis/video/hoerschatz---tesoro-sonoro-lis?urn=urn:rsi:video:1899614,Hörschatz – Tesoro sonoro - LIS,Laura Sciuchetti
2023-09-21,2023-09-21,Marcos Denis,https://www.srf.ch/play/tv/mitenand-in-gebaerdensprache/video/gemeinsam-eine-barrierefreie-welt-erschaffen?urn=urn:srf:video:3f2e27fd-a991-41a5-810b-05f8c682600a,Gemeinsam eine barrierefreie Welt erschaffen,,,,,,ENSEMBLE2337 - Inclusion Handicap Ticino,,2023-05-13,https://www.rsi.ch/play/tv/insieme-lis/video/inclusione-andicap-ticino-lis?urn=urn:rsi:video:16179178,Inclusione andicap ticino - LIS,Paola Massa
2023-09-28,2023-09-28,Marcos Denis,https://www.srf.ch/play/tv/mitenand-in-gebaerdensprache/video/zirkuszauber-fuer-armutsbetroffene-kinder?urn=urn:srf:video:dc273de4-b0ad-4514-bd90-208f5933b54c,Zirkuszauber für armutsbetroffene Kinder,,,Sabrina Carlioz,,,ENSEMBLE2405 - Kovive avec LSF 21.01.2024,,,,,
2023-10-05,2023-10-05,Corinne Stutz,https://www.srf.ch/play/tv/mitenand-in-gebaerdensprache/video/segeln-fuer-menschen-mit-handicap?urn=urn:srf:video:1fb53089-b0d3-4277-ba68-7b2f6baf6756,Segeln für Menschen mit Handicap,,,,,,,,2024-01-27,https://www.rsi.ch/play/tv/insieme-lis/video/sailability---lis?urn=urn:rsi:video:2020780,Sailability - LIS,Laura Sciuchetti
2023-10-12,2023-10-12,Nikole Mitterbauer,https://www.srf.ch/play/tv/mitenand-in-gebaerdensprache/video/nachhause-mit-der-fliegenden-ambulanz?urn=urn:srf:video:254f3836-01fb-4b72-bb14-14905b2208f2,Nachhause mit der fliegenden Ambulanz,,,,,,,,,,,
2023-10-26,2023-10-26,Marcos Denis,https://www.srf.ch/play/tv/mitenand-in-gebaerdensprache/video/philippinen---kampf-gegen-tuberkulose?urn=urn:srf:video:5c8d3a61-58b0-4b4a-aaad-bf4a06bbdc2e,Philippinen – Kampf gegen Tuberkulose,,,Sabrina Carlioz,,,ENSEMBLE2403 - MSF Philippinen avec LSF 07.01.2024,,,,,
2023-11-02,2023-11-02,Marcos Denis,https://www.srf.ch/play/tv/mitenand-in-gebaerdensprache/video/ein-bereicherndes-patchwork-als-familie?urn=urn:srf:video:2042d207-6f08-4dac-8db8-038e3a70d74a,Ein bereicherndes Patchwork als Familie,,,,,,,,,,,
2023-11-16,2023-11-16,Nikole Mitterbauer,https://www.srf.ch/play/tv/mitenand-in-gebaerdensprache/video/entlastung-fuer-eltern-mit-kranken-kindern?urn=urn:srf:video:3a109847-fe9b-4841-bbb5-65a5e1844ab2,Entlastung für Eltern mit kranken Kindern,,,,,,ENSEMBLE2408 - Aladdin,,2024-02-03,https://www.rsi.ch/play/tv/insieme-lis/video/fondazione-aladdin-lis?urn=urn:rsi:video:2048016,Fondazione Aladdin - LIS,Laura Sciuchetti
2023-11-23,2023-11-23,Nikole Mitterbauer,https://www.srf.ch/play/tv/mitenand-in-gebaerdensprache/video/ein-volles-leben-trotz-hoer--und-sehschwaeche?urn=urn:srf:video:0b46bf76-6832-4b55-ad1e-ef82533cd68c,Ein volles Leben trotz Hör- und Sehschwäche,,,,,,,,,,,
2023-11-30 ?,2023-11-30 ?,,,Ein Kinderspital für die Palästinenser,,,,,,,,,,,
2023-11-30,2023-11-30,Nikole Mitterbauer,https://www.srf.ch/play/tv/mitenand-in-gebaerdensprache/video/schutz-der-meerestiere-vor-plastikmuell?urn=urn:srf:video:d230d179-9624-4e37-b689-3029434a3be5,Schutz der Meerestiere vor Plastikmüll,,,,,,,,2024--3-16,https://www.rsi.ch/play/tv/insieme-lis/video/kyma-contro-lecocidio-lis?urn=urn:rsi:video:2089311,Kyma - Contro l’ecocidio - LIS,Mikhail Akimov
2023-12-14,2023-12-14,Nikole Mitterbauer,https://www.srf.ch/play/tv/mitenand-in-gebaerdensprache/video/pakistan---maedchen-duerfen-nach-covid-zurueck-in-die-schule?urn=urn:srf:video:8c38663b-a4cb-4179-8488-0afff2e631d5,Pakistan – Mädchen dürfen nach Covid zurück in die Schule,,,,,,,,2024-01-01,https://www.rsi.ch/play/tv/insieme-lis/video/helvetas---catena-della-solidarieta---lis?urn=urn:rsi:video:2020776,Helvetas – Catena della Solidarietà - LIS,Laura Sciuchetti
2023-12-21,2023-12-21,Nikole Mitterbauer,https://www.srf.ch/play/tv/mitenand-in-gebaerdensprache/video/rechenstoerung-ist-keine-frage-der-intelligenz?urn=urn:srf:video:c942534d-b912-492c-ac30-89b1d8194226,Rechenstörung ist keine Frage der Intelligenz,,,,,,,,,,,
2023-12-28,2023-12-28,Nikole Mitterbauer,https://www.srf.ch/play/tv/mitenand-in-gebaerdensprache/video/artenvielfalt-macht-schule?urn=urn:srf:video:72f7ed84-682f-4efa-a63a-857a7b01ea23,Artenvielfalt macht Schule,,,,,,,,,,,
2024-01-04,2024-01-04,Barbara Rossier,https://www.srf.ch/play/tv/mitenand-in-gebaerdensprache/video/kambodscha---spielerischer-input-fuers-berufsleben?urn=urn:srf:video:5b0318ae-b7ac-4546-ae15-689c62708a2f,Kambodscha – Spielerischer Input fürs Berufsleben,,,,,,,,,,,
,,,,,2022-01-02_2201_infosekta,2023-12-05,Adrien Pelletier,https://www.rts.ch/play/tv/ensemble-signe/video/benjamin-a-pu-quitter-une-assemblee-religieuse-sectaire-avec-le-soutien-de-infosekta?urn=urn:rts:video:14528482,2022-01-02_2201_infosekta.mxf,Benjamin a pu quitter une assemblée religieuse sectaire avec le soutien de infoSekta,,,,,
,,,,,2022-01-16_2202_iamaneh,2023-12-05,Adrien Pelletier,https://www.rts.ch/play/tv/ensemble-signe/video/au-senegal-les-jeunes-peuvent-suivre-des-cours-de-sexualite-soutenu-par-iamaneh?urn=urn:rts:video:14528450,2022-01-16_2202_iamaneh.mxf,"Au Sénégal, les jeunes peuvent suivre des cours de sexualité soutenu par Iamaneh",,,,,
,,,,,2022-01-30_2203_fondation_diamante,2023-12-05,Adrien Pelletier,https://www.rts.ch/play/tv/ensemble-signe/video/les-beneficiaires-de-lai-retrouvent-du-travail-au-restaurant-de-la-fondation-diamante?urn=urn:rts:video:14528442,2022-01-30_2203_fondation_diamante.mxf,Les bénéficiaires de l’AI retrouvent du travail au restaurant de la Fondation Diamante,,,,,
,,,,,2022-01-09_2205_association_des_petits,2024-02-15,Adrien Pelletier,https://www.rts.ch/play/tv/ensemble-signe/video/aide-par-lassociation-des-petits-paysans-maurus-a-remis-son-domaine-a-thomas?urn=urn:rts:video:14704047,2022-01-09_2205_association_des_petits.mxf,"Aidé par l’Association des petits paysans, Maurus a remis son domaine à Thomas",,,,,
,,,,,2022-01-23_2206_aide_à_l'enfance,2024-03-05,Adrien Pelletier,https://www.rts.ch/play/tv/ensemble-signe/video/laide-a-lenfance-emmaues-finance-des-cours-pour-les-familles-pauvres-a-bogota?urn=urn:rts:video:14748386,2022-01-23_2206_aide_à_l'enfance.mxf,L’Aide à l’enfance Emmaüs finance des cours pour les familles pauvres à Bogota,,,,,
,,,,,2022-02-27_2210_ficedula,,Adrien Pelletier,,2022-02-27_2210_ficedula.mxf,ENSEMBLE2210 - Ficedula avec LSF-2022-02-27,,,,,
,,,,,2022-03-20_2213_pattes_tendues,2023-12-05,Marie Castella,https://www.rts.ch/play/tv/ensemble-signe/video/pattes-tendues-quand-les-chiens-aident-les-humains?urn=urn:rts:video:14528293,2022-03-20_2213_pattes_tendues.mxf,PATTES TENDUES - Quand les chiens aident les humains,,,,,
,,,,,2022-03-27_2214_planète_enfants_malades,2023-12-05,Adrien Pelletier,https://www.rts.ch/play/tv/ensemble-signe/video/planete-enfants-malades-rendre-a-lenfance-ce-qui-est-a-lenfance?urn=urn:rts:video:14528285,2022-03-27_2214_planète_enfants_malades.mxf,PLANETE ENFANTS MALADES - Rendre à l’enfance ce qui est à l’enfance,,,,,
,,,,,2022-05-22_2221_table_suisse,2023-12-05,Marie Castella,https://www.rts.ch/play/tv/ensemble-signe/video/table-suisse-de-la-surabondance-au-manque?urn=urn:rts:video:14528373,2022-05-22_2221_table_suisse.mxf,TABLE SUISSE - De la surabondance au manque,,,,,
,,,,,2022-05-29_2222_equi-page,2023-12-05,Marie Castella,https://www.rts.ch/play/tv/ensemble-signe/video/equi-page-reprendre-les-renes-de-sa-vie?urn=urn:rts:video:14528381,2022-05-29_2222_equi-page.mxf,EQUI-PAGE - Reprendre les rênes de sa vie,,,,,
,,,,,2022-06-19_2223_chaîne_du_bonheur,2023-12-05,Adrien Pelletier,https://www.rts.ch/play/tv/ensemble-signe/video/chaine-du-bonheur-refugiee-en-pologne-loin-de-la-guerre?urn=urn:rts:video:14528357,2022-06-19_2223_chaîne_du_bonheur.mxf,CHAINE DU BONHEUR - Réfugiée en Pologne loin de la guerre,,,,,
,,,,,2022-06-12_2224_caritas_brésil,2023-12-05,Adrien Pelletier,https://www.rts.ch/play/tv/ensemble-signe/video/caritas-bresil-soutien-aux-refugies-en-amazonie?urn=urn:rts:video:14528349,2022-06-12_2224_caritas_brésil.mxf,CARITAS BRESIL - Soutien aux réfugiés en Amazonie,,,,,
,,,,,2022-09-11_2236_dubarde,2023-12-05,Adrien Pelletier,https://www.rts.ch/play/tv/ensemble-signe/video/la-dubarde-mettre-les-mains-dans-la-terre-ensemble?urn=urn:rts:video:14528272,2022-09-11_2236_dubarde.mxf,"LA DUBARDE - Mettre les mains dans la terre, ensemble",,,,,
,,,,,2022-09-25_2241_just_for_smile,,Adrien Pelletier,,2022-09-25_2241_just_for_smile.mxf,ENSEMBLE2241 - Just for Smile - avec LSF - 25.9.22,,,,,
,,,,,2022-10-23_2242_aide_a_la,2023-12-05,Adrien Pelletier,https://www.rts.ch/play/tv/ensemble-signe/video/aide-suisse-a-la-montagne-des-botes-de-vacherin-100-vallee-de-joux?urn=urn:rts:video:14528494,2022-10-23_2242_aide_a_la.mxf,AIDE SUISSE À LA MONTAGNE - Des boîtes de Vacherin 100% Vallée de Joux,,,,,
,,,,,2022-02-10_par_les_dons,2022-02-10_par_les_dons,Marie Castella,,2021_04_05_2115_Chaine_du_Bonheur_Solidar_Suisse,,,,,,
,,,,,2022-02-10_mireille_keita_a,2022-02-10_mireille_keita_a,Marie Castella,,2021_04_18_2119_Farafina,Solidarite Afrique Farafina (Mali),,,,,
,,,,,2022-02-10_après_la_rémission,2022-02-10_après_la_rémission,Marie Castella,,2021_04_25_2120_Arfec,,,,,,
,,,,,2022-02-10_jenny_a_pu,2022-02-10_jenny_a_pu,Marie Castella,,2021_04_04_2121_Adra,,,,,,
,,,,,2022-02-10_la_fondation_quatre,2022-02-10_la_fondation_quatre,Marie Castella,,2021_04_11_2122_Fondation_Quatre_Pattes,,,,,,
,,,,,2022-02-10_frappée_professionnellement_par,2022-02-10_frappée_professionnellement_par,Adrien Pelletier,,,,,,,,
,,,,,2022-02-10_sammy_fait_ses,2022-02-10_sammy_fait_ses,Adrien Pelletier,,,"only wav, no mp4, no SL",,,,,
,,,,,2022-02-10_fribap_soutient_mario,2022-02-10_fribap_soutient_mario,Marie Castella,,2021_05_30_2127_Fribap,,,,,,
,,,,,2022-02-10_le_gammare_des,2022-02-10_le_gammare_des,Adrien Pelletier,,,,,,,,
,,,,,2022-02-10_rétropomme_part_à,2022-02-10_rétropomme_part_à,Adrien Pelletier,,,,,,,,
,,,,,2022-02-10_forom_écoute_rappelle,2022-02-10_forom_écoute_rappelle,Marie Castella,,2021_06_20_2131_Forom_Ecoute,,,,,,
,,,,,2022-02-10_pour_faire_découvrir,2022-02-10_pour_faire_découvrir,Adrien Pelletier,,,,,,,,
,,,,,2022-02-22_table_couvre-toi_redistribue,2022-02-22_table_couvre-toi_redistribue,Adrien Pelletier,,,,,,,,
,,,,,2022-02-10_la_chaîne_du,2022-02-10_la_chaîne_du,Marie Castella,,2021_05_24_2135_Chaine_du_bonheur_Gassenarbeit,,,,,,
,,,,,2022-02-24_les_cours_de,2022-02-24_les_cours_de,Marie Castella,,,,,,,,
,,,,,2022-05-03_une_classe_de,2022-05-03_une_classe_de,Marie Castella,,2021_09_12_2138_YES,YES – la startup des eleves d’Eglisau,,,,,
,,,,,2022-05-03_les_rives_du,2022-05-03_les_rives_du,Adrien Pelletier,,2021-09-19_2139_aqua_viva.mxf,Aqua Viva – les rives du Rhin rehabilitees,,,,,
,,,,,"2022-02-24_a_zanzibar,_magred","2022-02-24_a_zanzibar,_magred",Marie Castella,,2021_09_05_2140_CAAA,CAAA – Formation d’avenir a Zanzibar,,,,,
,,,,,2022-02-24_la_société_internationale,2022-02-24_la_société_internationale,Marie Castella,,2021_07_18_2142_Sils,Sauvetage International du Sauvetage du Leman (SISL); not SILS!,,,,,
,,,,,2022-02-24_lorsque_des_malvoyants,2022-02-24_lorsque_des_malvoyants,Adrien Pelletier,,2021_07_25_2143_Ecoute_voir,,,,,,
,,,,,2022-02-24_naîtr’étoile_met_en,2022-02-24_naîtr’étoile_met_en,Adrien Pelletier,,2021_08_22_2144_NaitrEtoile,,,,,,
,,,,,2022-02-24_trust_to_achieve,2022-02-24_trust_to_achieve,Adrien Pelletier,,2021_08_29_2145_Trust_To_Achieve,,,,,,
,,,,,"2022-05-06_au_sénégal,_le","2022-05-06_au_sénégal,_le",Adrien Pelletier,,2021_10_24_2146_SME.mov,,,,,,
,,,,,"2022-05-06_au_mexique,_apia","2022-05-06_au_mexique,_apia",Adrien Pelletier,,2021_12_05_2149_Apia_Mexico.mov,Apia – des jeunes handicapes soutenus au Mexique,,,,,
,,,,,2022-05-06_le_sourire_retrouvé,2022-05-06_le_sourire_retrouvé,Adrien Pelletier,,2021_11_14_2150_Cerebral_Suisse.mov,Cerebral Suisse – une chaise roulante pour la montagne,,,,,
,,,,,2022-05-03_la_ligue_suisse,2022-05-03_la_ligue_suisse,Adrien Pelletier,,2021_10_10_2152_Ligue_contre_le_cancer,,,,,,
,,,,,2022-05-06_melissa_et_enfants,2022-05-06_melissa_et_enfants,Adrien Pelletier,,2021_10_17_2153_Enfants_du_monde_El_Salvador.mov,Enfants du monde – Suivi des femmes enceintes au Salvador,,,,,
,,,,,2022-05-15_2154_biovision_ouganda,,Adrien Pelletier,,2022-05-15_2154_biovision_ouganda.mxf,ENSEMBLE2154 - Biovision Ouganda - avec LSF-2022-05-15,,,,,
,,,,,"2022-05-06_soutenue_par_plusport,","2022-05-06_soutenue_par_plusport,",Adrien Pelletier,,2021_11_07_2156_PluSport.mov,,,,,,
,,,,,2022-05-06_pour_se_détacher,2022-05-06_pour_se_détacher,Adrien Pelletier,,2021_11_21_2157_Croix_Bleue.mov,Croix Bleue romande – Cultiver les rencontres au Jardin Bleu,2022-03-12_croce_blu_-,2022-03-12_croce_blu_-,,Croce blu - Un Giardino Blu per sfuggire alla dipendenza da alcol - LIS,Angela Lunelio
,,,,,2022-05-06_pour_que_léa,2022-05-06_pour_que_léa,Adrien Pelletier,,2021_12_12_2159_Reves_Suisse.mov,,,,,,
,,,,,2021-12-19_2160_cardiologie.mxf,,Adrien Pelletier,,2021-12-19_2160_cardiologie.mxf,ENSEMBLE2160 - Cardiologie avec LSF-2021-12-19,,,,,
,,,,,2022-02-09_l’argent_récolté_par,2022-02-09_l’argent_récolté_par,Adrien Pelletier,,2021_01_01_Chaine_du_Bonheur_Medair,,,,,,
,,,,,2022-02-24_les_vélos_usagés,2022-02-24_les_vélos_usagés,Adrien Pelletier,,2021_01_03_Velafrica,,,,,,
,,,,,2022-02-09_pour_continuer_ses,2022-02-09_pour_continuer_ses,Adrien Pelletier,,2021_02_07_Synapsis,,,,,,
,,,,,2022-02-10_au_volant_de,2022-02-10_au_volant_de,Adrien Pelletier,,2021_03_07_Roadmovie,,,,,,
2023-08-07_mexiko_–_ausbildung,2023-08-07_mexiko_–_ausbildung,Barbara Rossier,https://www.srf.ch/play/tv/mitenand-in-gebaerdensprache/video/mexiko---ausbildung-traditioneller-hebammen?urn=urn:srf:video:85b85536-143a-41b3-9f1d-7fcad3f7a363,"Mexiko – Ausbildung traditioneller Hebammen (Staffel 2020, Folge 53; Erstausstrahlung 15. November 2020)",,2022-02-09_au_cœur_du,Adrien Pelletier,,2021_02_14_Pro_Indigena,,,,,,
,,,,,"2022-02-10_á_17ans,_sascha","2022-02-10_á_17ans,_sascha",Adrien Pelletier,,,,,,,,
,,,,,2022-02-10_l’émission_tv_de,2022-02-10_l’émission_tv_de,Adrien Pelletier,,2021_02_21_Albinfo,,,,,,
,,,,,2022-02-10_quand_albert_se,2022-02-10_quand_albert_se,Adrien Pelletier,,2021_03_21_Croix-Rouge_suisse,,,,,,
,,,,,2022-02-09_l’équipe_d’abfalltaucher_extrait,2022-02-09_l’équipe_d’abfalltaucher_extrait,Adrien Pelletier,,2021_01_24_Abfalltaucher,,,,,,
,,,,,2022-02-10_cristiano_le_policier,2022-02-10_cristiano_le_policier,Adrien Pelletier,,2022_02_28_Parkinson_Suisse,,,,,,
,,,,,,,,,,,,2023-10-14,https://www.rsi.ch/play/tv/insieme-lis/video/associazione-parkinson-svizzera---lis?urn=urn:rsi:video:1899625,Associazione Parkinson Svizzera - LIS,Laura Sciuchetti
,,,,,"2022-02-24_a_samos,_adel","2022-02-24_a_samos,_adel",Adrien Pelletier,,2021_03_28_Project_Armonia,,,,,,
,,,,,2022-02-09_quand_luca_participe,2022-02-09_quand_luca_participe,Adrien Pelletier,,2021_01_31_Greenhope,,,,,,
,,,,,2022-02-09_après_l’accident_mortel,2022-02-09_après_l’accident_mortel,Adrien Pelletier,,,,,,,,
,,,,,2023-02-12_2308_push_your_limits,2023-12-05,Adrien Pelletier,https://www.rts.ch/play/tv/ensemble-signe/video/push-your-limits-du-sport-pour-toustes?urn=urn:rts:video:14528960,2023-02-12_2308_push_your_limits.mxf,PUSH YOUR LIMITS - Du sport pour toustes,,,,,
2024-01-18,2024-01-18,Marcos Denis,https://www.srf.ch/play/tv/mitenand-in-gebaerdensprache/video/dank-sport-nach-einem-schicksalsschlag-zurueck-ins-leben?urn=urn:srf:video:3a0ab6d4-5619-4fc6-9163-5793bd13b6a2,Dank Sport nach einem Schicksalsschlag zurück ins Leben,2023-03-26_2312_tout_est_possible,2024-03-05,Adrien Pelletier,https://www.rts.ch/play/tv/ensemble-signe/video/association-tout-est-possible-le-sport-pour-se-reconstruire?urn=urn:rts:video:14748283,2023-03-26_2312_tout_est_possible.mxf,ASSOCIATION TOUT EST POSSIBLE - Le sport pour se reconstruire,"2023-08-05_associazione_""tutto_è","2023-08-05_associazione_""tutto_è",https://www.rsi.ch/play/tv/insieme-lis/video/associazione-tutto-e-possibile-disabilita-e-sport-lis?urn=urn:rsi:video:16379749,"Associazione ""Tutto è possibile"", disabilità e sport - LIS",Paola Massa
,,,,,2023-04-23_2313_atelier_l'eveil,2023-04-23_2313_atelier_l'eveil,Adrien Pelletier,https://www.rts.ch/play/tv/ensemble-signe/video/leveil-pas-a-pas-renouer-avec-la-vie?urn=urn:rts:video:14748291,2023-04-23_2313_atelier_l'eveil.mxf,"L'EVEIL - Pas à pas, renouer avec la vie",2023-09-09_associazione_l’eveil_-,2023-09-09_associazione_l’eveil_-,https://www.rsi.ch/play/tv/insieme-lis/video/associazione-leveil-reinserimento-sociale-lis?urn=urn:rsi:video:1860250,Associazione L’Eveil - reinserimento sociale - LIS,Paola Massa
,,,,,2023-05-14_2319_espace_a,2024-03-05,Adrien Pelletier,https://www.rts.ch/play/tv/ensemble-signe/video/espace-a-en-quete-de-ses-origines?urn=urn:rts:video:14748378,2023-05-14_2319_espace_a.mxf,ESPACE A - En quête de ses origines,,2023-10-07,https://www.rsi.ch/play/tv/insieme-lis/video/espace-a-per-il-benessere-dellinfanzia-lis?urn=urn:rsi:video:1867428,Espace A - Per il benessere dell’infanzia - LIS,Paola Massa
,,,,,2023-05-28_2321_les_nouveaux_commanditaires,,Adrien Pelletier,,2023-05-28_2321_les_nouveaux_commanditaires.mxf,ENSEMBLE2321 - Les nouveaux commanditaires-avec LSF-28.5.23,,2023-12-02,https://www.rsi.ch/play/tv/insieme-lis/video/les-nouveaux-commanditaires---i-nuovi-committenti-lis?urn=urn:rsi:video:1987279,Les Nouveaux Commanditaires – I Nuovi Committenti - LIS,Mikhail Akimov
,,,,,2023-06-25_2322_partage,,Azra Beslagic,,2023-06-25_2322_partage.mxf,ENSEMBLE2322 - Partage - avec LSF -25.6.23,,,,,
2023-11-09,,Nikole Mitterbauer,https://www.srf.ch/play/tv/mitenand-in-gebaerdensprache/video/integration-und-gemeinschaftlichkeit-rund-ums-velo?urn=urn:srf:video:30b7e3f5-bb84-411b-9b71-ded993cb9deb,Integration und Gemeinschaftlichkeit rund ums Velo,2023-08-20_2325_recyclo,,Azra Beslagic,,2023-08-20_2325_recyclo.mxf,ENSEMBLE2325 - Recyclo- avec LSF-20.8.23,,2023-12-30,https://www.rsi.ch/play/tv/insieme-lis/video/recyclo-lis?urn=urn:rsi:video:2020770,reCYCLO - LIS,Laura Sciuchetti
,,,,,2023-06-11_2326_octopus,,Adrien Pelletier,,2023-06-11_2326_octopus.mxf,ENSEMBLE2326 - Octopus-avec LSF-11.6.23,,2023-10-21,https://www.rsi.ch/play/tv/insieme-lis/video/octopus-per-lesplorazione-marina---lis?urn=urn:rsi:video:1899620,"Octopus, per l’esplorazione marina - LIS",Laura Sciuchetti
,,,,,2244_maison_de_la,,Azra Beslagic,,2244_maison_de_la.mxf,ENSEMBLE2244 - Maison de la femme,,,,,
,,,,,2228_otium,,Azra Beslagic,,2228_otium.mxf,ENSEMBLE2228 - Otium,,,,,
,,,,,2023-08-27_2334_zoe4life,,Azra Beslagic,,2023-08-27_2334_zoe4life.mxf,ENSEMBLE2334 - Zoe4Life-avec LSF-27.8.23,,2023-12-16,https://www.rsi.ch/play/tv/insieme-lis/video/zoe4life-contro-il-cancro-infantile-lis?urn=urn:rsi:video:1987260,Zoé4Life - Contro il cancro infantile - LIS,Mikhail Akimov
,,,,,,,,,,ENSEMBLE2331 - ResSources,,2023-12-23,https://www.rsi.ch/play/tv/insieme-lis/video/ressources-per-una-catena-alimentare-solidale-lis?urn=urn:rsi:video:1987245,ResSources - Per una catena alimentare solidale - LIS,Mikhail Akimov
,,,,,,,,,,ENSEMBLE2333 - Plein accès,,2023-12-09,https://www.rsi.ch/play/tv/insieme-lis/video/plein-acces-pieno-accesso-lis?urn=urn:rsi:video:1987273,Plein Accès - Pieno Accesso - LIS,Mikhail Akimov
,,,,,2023-08-11_ukrainians_in_vaud,2023-08-11_ukrainians_in_vaud,Adrien Pelletier,https://www.rts.ch/play/tv/ensemble-signe/video/ukrainians-in-vaud-des-cours-de-francais-a-la-decouverte-du-canton?urn=urn:rts:video:14233607,2022_06_26_2235_Ukrainians_in_Vaud,UKRAINIANS IN VAUD - Des cours de français à la découverte du canton,,,,,
2024-01-11,2024-01-11,Nikole Mitterbauer,https://www.srf.ch/play/tv/mitenand-in-gebaerdensprache/video/unterstuetzung-von-frauen-bei-integration-in-der-schweiz?urn=urn:srf:video:2a8677c1-9b78-4a94-8b46-8af7008c6e37,Unterstützung von Frauen bei Integration in der Schweiz,,,,,,,,2023-11-01,https://www.rsi.ch/play/tv/insieme-lis/video/cooperativa-baobab---catena-della-solidarieta---lis?urn=urn:rsi:video:1899589,Cooperativa Baobab – Catena della Solidarietà - LIS,Laura Sciuchetti
,,,,,,,,,,,,2023-11-18,https://www.rsi.ch/play/tv/insieme-lis/video/associazione-zeta-movement---lis?urn=urn:rsi:video:1987266,Associazione Zeta Movement - LIS,Mikhail Akimov
2024-01-25,2024-01-25,Nikole Mitterbauer,https://www.srf.ch/play/tv/mitenand-in-gebaerdensprache/video/mehr-verstaendnis-fuer-fremde-kulturen?urn=urn:srf:video:91ef089f-a6a0-4ee5-bd6d-cede0ae86ed6,Mehr Verständnis für fremde Kulturen,,,,,,,,,,,
2024-02-01,2024-02-01,Nikole Mitterbauer,https://www.srf.ch/play/tv/mitenand-in-gebaerdensprache/video/der-grosse-schritt-zum-selbststaendigen-wohnen?urn=urn:srf:video:c2aec9b4-51e7-43cb-a651-254c6d6b105f,Der grosse Schritt zum selbstständigen Wohnen,,,,,,,,,,,
2024-02-08,2024-02-08,Barbara Rossier,https://www.srf.ch/play/tv/mitenand-in-gebaerdensprache/video/eine-art-kita-fuer-erwachsene?urn=urn:srf:video:bbd765e7-79a8-453d-b2ce-e25093d4aaf9,Eine Art Kita für Erwachsene,,,,,,,,,,,
2024-04-11,2024-04-11,,,Unterstützung für frischgebackene Mütter,,,,,,,,2024-01-06,https://www.rsi.ch/play/tv/insieme-lis/video/associazione-supermamme-lis?urn=urn:rsi:video:2021225,Associazione Supermamme - LIS,Laura Sciuchetti
,,,,,,,,,,,,2024-01-13,https://www.rsi.ch/play/tv/insieme-lis/video/associazione-labarte---lis?urn=urn:rsi:video:2020778,Associazione LabArte - LIS,Laura Sciuchetti
,,,,,,,,,,,,2024-01-20,https://www.rsi.ch/play/tv/insieme-lis/video/associazione-lane-di-qui-laines-dici-lis?urn=urn:rsi:video:2020773,Associazione Lane di qui (Laines d’ici) - LIS,Laura Sciuchetti
2024-02-15,2024-02-15,Nikole Mitterbauer,https://www.srf.ch/play/tv/mitenand-in-gebaerdensprache/video/bildung-fuer-die-bahnhofskinder-von-jaipur?urn=urn:srf:video:9ebced84-feca-447f-9861-5ed0f6d2cc84,Bildung für die Bahnhofskinder von Jaipur,,,,,,,,2024-03-02,https://www.rsi.ch/play/tv/insieme-lis/video/fondazione-fxb-francois-xavier-bagnoud-lis?urn=urn:rsi:video:2048014,"Fondazione FXB, François-Xavier Bagnoud - LIS",Laura Sciuchetti
2024-02-22,2024-02-22,Marcos Denis,https://www.srf.ch/play/tv/mitenand-in-gebaerdensprache/video/unterstuetzung-bei-der-trauerarbeit?urn=urn:srf:video:4ba5fdb9-e8f4-40d5-8dd4-adebb632a9f2,Unterstützung bei der Trauerarbeit,,2024-03-18,Azra Beslagic,https://www.rts.ch/play/tv/ensemble-signe/video/doulas-de-fin-de-vie-apprivoiser-la-mort?urn=urn:rts:video:14768124,,DOULAS DE FIN DE VIE - Apprivoiser la mort,,2024-02-17,https://www.rsi.ch/play/tv/insieme-lis/video/doule-di-fine-vita-lis?urn=urn:rsi:video:2048006,Doule di fine vita - LIS,Laura Sciuchetti
2024-02-29,2024-02-29,Marcos Denis,https://www.srf.ch/play/tv/mitenand-in-gebaerdensprache/video/finanzielle-unterstuetzung-fuer-den-traum-vom-grossen-sport?urn=urn:srf:video:5b5252cb-6f28-43e4-9ca1-d7850e3d4768,Finanzielle Unterstützung für den Traum vom grossen Sport,,,,,,,,2024-02-24,https://www.rsi.ch/play/tv/insieme-lis/video/soccorso-svizzero-dinverno-lis?urn=urn:rsi:video:2048012,Soccorso svizzero d’inverno - LIS,Laura Sciuchetti
2024-03-07,2024-03-07,Sascha Thiemeyer,https://www.srf.ch/play/tv/mitenand-in-gebaerdensprache/video/philippinen---essen-und-unterstuetzung-fuer-die-aermsten?urn=urn:srf:video:14ec8f84-dd93-4b51-9dda-aa88ab0948cf,Philippinen – Essen und Unterstützung für die Ärmsten,,,,,,,,,,,
2024-03-14,2024-03-14,Marcos Denis,https://www.srf.ch/play/tv/mitenand-in-gebaerdensprache/video/mexiko---engagement-gegen-gewalt-und-willkuer?urn=urn:srf:video:e263c0f4-c604-41a2-a126-5b35e83f5fc1,Mexiko – Engagement gegen Gewalt und Willkür,,,,,,,,,,,
2024-03-21,2024-03-21,?,[not broadcasted yet],Hundetherapie bei familiärer Gewalt,,,,,,,,,,,
2024-03-28,2024-03-28,,,Ein neues Zuhause für misshandelte Hunde,,,,,,,,,,,
2024-04-04,2024-04-04,,,Hilfe für den Umgang mit der Lungenkrankheit,,,,,,,,,,,
,,,,,,,,,,,,,,,
,,,,,,,,,,,,2024-02-10,https://www.rsi.ch/play/tv/insieme-lis/video/associazione-frequenze-lis?urn=urn:rsi:video:2048008,Associazione Frequenze - LIS,Laura Sciuchetti
,,,,,,,,,,,,2024-03-09,https://www.rsi.ch/play/tv/insieme-lis/video/societa-svizzera-sclerosi-multipla---lis?urn=urn:rsi:video:2048010,Società svizzera sclerosi multipla - LIS,Laura Sciuchetti
,,,,,,,Sabrina Carlioz,,,ENSEMBLE2401 - Free Go,,,,,
,,,,,,,Sabrina Carlioz,,,ENSEMBLE2402 - Trait d'union avec LSF - 28.01.2024,,,,,
,,,,,,,,,,ENSEMBLE2406 - ParMi,,,,,